station_id,name,physical_configuration,lat,lon,altitude,address,cross_street,post_code,capacity,is_charging_station,short_name,nearby_distance,_ride_code_support,rental_uris,is_valet_station
1,"GRAN VIA CORTS CATALANES, 760",ELECTRICBIKESTATION,41.3979779,2.1801069,16.0,"GRAN VIA CORTS CATALANES, 760",02-Eixample/05-el Fort Pienc,08013,46,True,1,1000.0,True,,
2,"C/ ROGER DE FLOR, 126",ELECTRICBIKESTATION,41.3954877,2.1771985,17.0,"C/ ROGER DE FLOR, 126",02-Eixample/05-el Fort Pienc,08013,29,True,2,1000.0,True,,
3,"C/ NÀPOLS, 82",ELECTRICBIKESTATION,41.3941557,2.1813305,11.0,"C/ NÀPOLS, 82",02-Eixample/05-el Fort Pienc,08013,27,True,3,1000.0,True,,
4,"C/ RIBES, 13",ELECTRICBIKESTATION,41.3933173,2.1812483,8.0,"C/ RIBES, 13",02-Eixample/05-el Fort Pienc,08013,21,True,4,1000.0,True,,
5,"PG. LLUIS COMPANYS, 11 (ARC TRIOMF)",ELECTRICBIKESTATION,41.3911035,2.1801763,7.0,"PG. LLUIS COMPANYS, 11 (ARC TRIOMF)","01-CiutatVella/04-Sant Pere, Santa Caterina i la Ribera",08018,39,True,5,1000.0,True,,
6,"PG. LLUIS COMPANYS, 18 (ARC TRIOMF)",ELECTRICBIKESTATION,41.3914292,2.1805685,10.0,"PG. LLUIS COMPANYS, 18  (ARC TRIOMF)","01-CiutatVella/04-Sant Pere, Santa Caterina i la Ribera",08018,39,True,6,1000.0,True,,
7,"PG. PUJADES,  1 (JUTJATS)",ELECTRICBIKESTATION,41.388885,2.18329,6.0,"PG. PUJADES,  1 (JUTJATS)","01-CiutatVella/04-Sant Pere, Santa Caterina i la Ribera",08003,27,True,7,1000.0,True,,
8,"PG. PUJADES, 2",ELECTRICBIKESTATION,41.389135,2.183489,6.0,"PG. PUJADES, 2","01-CiutatVella/04-Sant Pere, Santa Caterina i la Ribera",08003,27,True,8,1000.0,True,,
9,"AV. MARQUÉS DE L'ARGENTERA,13",ELECTRICBIKESTATION,41.384546,2.184922,5.0,"AV. MARQUÉS DE L'ARGENTERA,13","01-CiutatVella/04-Sant Pere, Santa Caterina i la Ribera",08003,27,True,9,1000.0,True,,
10,"C/ 60, NÚMERO 25",ELECTRICBIKESTATION,41.3467746,2.1436235,,"C/ 60, NÚMERO 25",03-Sants-Montjuïc/12-la Marina del Prat Vermell,08040,43,True,10,1000.0,True,,
11,"PG. MARITIM, 11 (DAVANT PL. BRUGADA)",ELECTRICBIKESTATION,41.382398,2.194294,,"PG. MARITIM, 11 (DAVANT PL. BRUGADA)",01-CiutatVella/03-la Barceloneta,08003,35,True,11,1000.0,True,,
12,"PG. MARITIM, 23 (HOSPITAL DEL MAR)",ELECTRICBIKESTATION,41.3833653,2.1946255,7.0,"PG. MARITIM, 23 (HOSPITAL DEL MAR)",01-CiutatVella/03-la Barceloneta,08003,26,True,12,1000.0,True,,
13,"C/ MARINA, 25-33",ELECTRICBIKESTATION,41.388143,2.195551,7.0,"C/ MARINA, 25-33",01-CiutatVella/67-la Vila Olímpica del Poblenou,08005,54,True,13,1000.0,True,,
14,"AV. MARQUÉS DE  L'ARGENTERA, 15",ELECTRICBIKESTATION,41.384844,2.185085,5.0,"AV. MARQUÉS DE  L'ARGENTERA, 15","01-CiutatVella/04-Sant Pere, Santa Caterina i la Ribera",08003,27,True,14,1000.0,True,,
15,"C/ DIPUTACIÓ, 272",ELECTRICBIKESTATION,41.39161170092347,2.1689031978751205,25.0,"C/ DIPUTACIÓ, 272",02-Eixample/07-la Dreta de l'Eixample,08009,27,True,15,1000.0,True,,
17,"AV. MERIDIANA, 47 (D)",ELECTRICBIKESTATION,41.3982615,2.1866517,14.0,"AV. MERIDIANA, 47 (D)",02-Eixample/66-el Parc i la Llacuna del Poblenou,08013,42,True,17,1000.0,True,,
18,"C/ ROSSELLÓ, 453",ELECTRICBIKESTATION,41.4060589,2.1740472,38.0,"C/ ROSSELLÓ, 453",02-Eixample/06-la Sagrada Família,08025,27,True,18,1000.0,True,,
19,"C/ ROSSELLÓ, 354",ELECTRICBIKESTATION,41.4031491,2.1707947,40.0,"C/ ROSSELLÓ, 354",02-Eixample/06-la Sagrada Família,08025,30,True,19,1000.0,True,,
20,"C/ CARTAGENA, 308",ELECTRICBIKESTATION,41.410314,2.1757334,46.0,"C/ CARTAGENA, 308",02-Eixample/06-la Sagrada Família,08025,18,True,20,1000.0,True,,
21,"C/ SANT ANTONI MARIA CLARET, 214",ELECTRICBIKESTATION,41.4108439,2.1740575,52.0," C/ SANT ANTONI MARIA CLARET, 214   ",02-Eixample/06-la Sagrada Família,08025,21,True,21,1000.0,True,,
22,"C/ SARDENYA, 292",ELECTRICBIKESTATION,41.4016969,2.175767,28.0,"C/ SARDENYA, 292",02-Eixample/06-la Sagrada Família,08013,19,True,22,1000.0,True,,
23,"C/ BRUC, 45",ELECTRICBIKESTATION,41.3924661,2.1717397,21.0,"C/ BRUC, 45",02-Eixample/07-la Dreta de l'Eixample,08010,26,True,23,1000.0,True,,
24,"C/ MARINA, 199",ELECTRICBIKESTATION,41.4005784,2.1788855,23.0,"C/ MARINA, 199",02-Eixample/05-el Fort Pienc,08013,39,True,24,1000.0,True,,
25,"C/ BRUC, 102",ELECTRICBIKESTATION,41.3954041,2.1681961,29.0,"C/ BRUC, 102",02-Eixample/07-la Dreta de l'Eixample,08009,21,True,25,1000.0,True,,
26,"C/ DOS DE MAIG, 230-232",ELECTRICBIKESTATION,41.4071692,2.1820722,22.0,"C/ DOS DE MAIG, 230-232",10-SantMartí/64-el Camp de l'Arpa del Clot,08013,18,True,26,1000.0,True,,
27,"C/ PROVENÇA, 322",ELECTRICBIKESTATION,41.3967524,2.1646338,38.0,"C/ PROVENÇA, 322",02-Eixample/07-la Dreta de l'Eixample,08037,17,True,27,1000.0,True,,
28,"C/ SARDENYA, 362",ELECTRICBIKESTATION,41.4055143,2.1706498,46.0,"C/ SARDENYA, 362",02-Eixample/06-la Sagrada Família,08025,23,True,28,1000.0,True,,
29,"C/ PROVENÇA, 388-390",ELECTRICBIKESTATION,41.401061,2.169941,34.0,"C/ PROVENÇA, 388-390",02-Eixample/07-la Dreta de l'Eixample,08025,23,True,29,1000.0,True,,
30,"C/ CASTILLEJOS, 184",ELECTRICBIKESTATION,41.4021805,2.1829894,13.0,"C/ CASTILLEJOS, 184",02-Eixample/05-el Fort Pienc,08013,29,True,30,1000.0,True,,
31,PL. DEL MAR,ELECTRICBIKESTATION,41.3748001,2.1889045,4.0,PL. DEL MAR,01-CiutatVella/03-la Barceloneta,08003,18,True,31,1000.0,True,,
32,LA BARCELONETA (CN BARCELONETA),ELECTRICBIKESTATION,41.3736911,2.188928,4.0,LA BARCELONETA (CN BARCELONETA),01-CiutatVella/03-la Barceloneta,08003,15,True,32,1000.0,True,,
34,"C/ SANT PERE MÉS ALT, 4",ELECTRICBIKESTATION,41.3871079,2.1753364,9.0,"C/ SANT PERE MÉS ALT, 4","01-CiutatVella/04-Sant Pere, Santa Caterina i la Ribera",08003,21,True,34,1000.0,True,,
35,"C/ SANT RAMON DE PENYAFORT, 1",ELECTRICBIKESTATION,41.4134833,2.2206913,5.0,"C/ SANT RAMON DE PENYAFORT, 1",10-SantMartí/70-el Besòs i el Maresme,08930,54,True,35,1000.0,True,,
36,"AV. DE LA CATEDRAL, 6",ELECTRICBIKESTATION,41.3850616,2.1766834,8.0,"AV. DE LA CATEDRAL, 6",01-CiutatVella/02-el Barri Gòtic,08002,20,True,36,1000.0,True,,
37,PG. DE COLOM - VIA LAIETANA,ELECTRICBIKESTATION,41.380624,2.1820675,4.0,PG. DE COLOM - VIA LAIETANA,"01-CiutatVella/04-Sant Pere, Santa Caterina i la Ribera",08002,24,True,37,1000.0,True,,
39,PL. PAU VILA (D),ELECTRICBIKESTATION,41.381046,2.186576,4.0,PL. PAU VILA (D),01-CiutatVella/03-la Barceloneta,08039,44,True,39,1000.0,True,,
40,"C/ DOCTOR AIGUADER, 2",ELECTRICBIKESTATION,41.382335,2.187093,6.0,"C/ DOCTOR AIGUADER, 2",01-CiutatVella/03-la Barceloneta,08039,18,True,40,1000.0,True,,
41,PL. POETA BOSCÀ | C/ ATLÀNTIDA,ELECTRICBIKESTATION,41.379326,2.189906,5.0,PL. POETA BOSCÀ | C/ ATLÀNTIDA,01-CiutatVella/03-la Barceloneta,08003,24,True,41,1000.0,True,,
42,"C/ CIUTAT DE GRANADA, 168| AV.DIGONAL",ELECTRICBIKESTATION,41.404511,2.189881,4.0,"C/ CIUTAT DE GRANADA, 168| AV.DIGONAL",10-SantMartí/66-el Parc i la Llacuna del Poblenou,08018,24,True,42,1000.0,True,,
43,"C/ CLOT, 1",ELECTRICBIKESTATION,41.4063864,2.1874404,13.0,"C/ CLOT, 1",10-SantMartí/65-el Clot,08018,27,True,43,1000.0,True,,
45,"C/ SARDENYA, 66",ELECTRICBIKESTATION,41.391466,2.189371,5.0,"C/ SARDENYA, 66",10-SantMartí/67-la Vila Olímpica del Poblenou,08005,27,True,45,1000.0,True,,
46,"C/ VILLENA, 1",ELECTRICBIKESTATION,41.38860659692564,2.1921945084594707,7.0,"C/ VILLENA, 1",10-SantMartí/67-la Vila Olímpica del Poblenou,08005,54,True,46,1000.0,True,,
47,"C/ RAMON TRIAS FARGAS, 21",ELECTRICBIKESTATION,41.3902194,2.1904003,5.0,"C/ RAMON TRIAS FARGAS, 21",10-SantMartí/67-la Vila Olímpica del Poblenou,08005,47,True,47,1000.0,True,,
48,"AV. MERIDIANA, 40",ELECTRICBIKESTATION,41.3960652,2.1871959,11.0,"AV. MERIDIANA, 40",10-SantMartí/66-el Parc i la Llacuna del Poblenou,08018,21,True,48,1000.0,True,,
49,"C/ ROSA SENSAT, 20",ELECTRICBIKESTATION,41.3910756,2.1965766,5.0,"C/ ROSA SENSAT, 20",10-SantMartí/67-la Vila Olímpica del Poblenou,08005,21,True,49,1000.0,True,,
50,"AV. PARAL.LEL, 54",ELECTRICBIKESTATION,41.3751145,2.1709386,8.0,"AV. PARAL.LEL, 54",01-CiutatVella/01-el Raval,08004,18,True,50,1000.0,True,,
51,PL. VICENÇ MARTORELL,ELECTRICBIKESTATION,41.3842634,2.1692556,12.0,PL. VICENÇ MARTORELL,01-CiutatVella/01-el Raval,08001,20,True,51,1000.0,True,,
52,"PL. SANT MIQUEL, 4",ELECTRICBIKESTATION,41.381708,2.177292,11.0,"PL. SANT MIQUEL, 4",01-CiutatVella/02-el Barri Gòtic,08002,31,True,52,1000.0,True,,
53,PL. CARLES PI I SUNYER,ELECTRICBIKESTATION,41.385086,2.174016,10.0,PL. CARLES PI I SUNYER,01-CiutatVella/02-el Barri Gòtic,08002,21,True,53,1000.0,True,,
54,"C/ SANT OLEGUER, 2",ELECTRICBIKESTATION,41.3775319,2.1707321,6.0,"C/ SANT OLEGUER, 2",01-CiutatVella/01-el Raval,08001,19,True,54,1000.0,True,,
56,"PORTAL DE SANTA MADRONA, 2-4",ELECTRICBIKESTATION,41.3770715,2.1758261,5.0,"PORTAL DE SANTA MADRONA, 2-4",01-CiutatVella/01-el Raval,08001,27,True,56,1000.0,True,,
57,"LA RAMBLA, 1",ELECTRICBIKESTATION,41.376326,2.176971,4.0,"LA RAMBLA, 1",01-CiutatVella/02-el Barri Gòtic,08002,21,True,57,1000.0,True,,
58,PLAÇA DELS ÀNGELS (MACBA),ELECTRICBIKESTATION,41.38268,2.16712,11.0,PLAÇA DELS ÀNGELS (MACBA),01-CiutatVella/01-el Raval,08001,21,True,58,1000.0,True,,
59,"C/ AGUSTÍ DURAN I SANPERE, 1",ELECTRICBIKESTATION,41.381381539774694,2.16807754829512,,"C/ AGUSTÍ DURAN I SANPERE, 1",01-CiutatVella/01-el Raval,08001,22,True,59,1000.0,True,,
60,"RBLA. CATALUNYA, 47",ELECTRICBIKESTATION,41.3902625,2.164035,27.0,"RBLA. CATALUNYA, 47",02-Eixample/07-la Dreta de l'Eixample,08007,27,True,60,1000.0,True,,
61,"C/ ARAGÓ, 288",ELECTRICBIKESTATION,41.39352,2.166797,26.0,"C/ ARAGÓ, 288",02-Eixample/07-la Dreta de l'Eixample,08009,20,True,61,1000.0,True,,
62,"PL. CATALUNYA, 5",ELECTRICBIKESTATION,41.387235,2.168819,19.0,"PL. CATALUNYA, 5",02-Eixample/07-la Dreta de l'Eixample,08002,25,True,62,1000.0,True,,
63,"PL. CATALUNYA, 7",ELECTRICBIKESTATION,41.386543,2.169427,19.0,"PL. CATALUNYA, 7",02-Eixample/07-la Dreta de l'Eixample,08002,27,True,63,1000.0,True,,
64,"PL. CATALUNYA, 10-11 (LA RAMBLA)",ELECTRICBIKESTATION,41.387493,2.1690686,21.0,"PL. CATALUNYA, 10-11 (LA RAMBLA)",02-Eixample/07-la Dreta de l'Eixample,08002,21,True,64,1000.0,True,,
65,"PL. CATALUNYA, 10-11 (PG. DE GRÀCIA)",ELECTRICBIKESTATION,41.387696,2.1696543,20.0,"PL. CATALUNYA, 10-11 (PG. DE GRÀCIA)",02-Eixample/07-la Dreta de l'Eixample,08002,20,True,65,1000.0,True,,
66,"GRAN VIA DE LES CORTS CATALANES, 609",ELECTRICBIKESTATION,41.3893222,2.1678388,23.0,"GRAN VIA DE LES CORTS CATALANES, 609",02-Eixample/07-la Dreta de l'Eixample,08007,16,True,66,1000.0,True,,
67,"C/ ROCAFORT, 214 | C/ ROSSELLÓ",ELECTRICBIKESTATION,41.3852864,2.1454802,37.0,"C/ ROCAFORT, 214 | C/ ROSSELLÓ",02-Eixample/09-la Nova Esquerra de l'Eixample,08029,24,True,67,1000.0,True,,
68,"RAMBLA CATALUNYA, 133 /  CÒRSEGA",ELECTRICBIKESTATION,41.3953894,2.1572953,44.0,"RAMBLA CATALUNYA, 133 /  CÒRSEGA",02-Eixample/07-la Dreta de l'Eixample,08008,27,True,68,1000.0,True,,
69,"CARRER DE LA MARINA,25-33",ELECTRICBIKESTATION,41.388507,2.195073,7.0,"CARRER DE LA MARINA,25-33",01-CiutatVella/67-la Vila Olímpica del Poblenou,08005,42,True,69,1000.0,True,,
70,"C/ COMTE URGELL, 23",ELECTRICBIKESTATION,41.380393,2.1606506,15.0,"C/ COMTE URGELL, 23",02-Eixample/10-Sant Antoni,08011,27,True,70,1000.0,True,,
71,"C/ FLORIDABLANCA, 145",ELECTRICBIKESTATION,41.3819459,2.1629146,16.0,"C/ FLORIDABLANCA, 145",02-Eixample/10-Sant Antoni,08011,21,True,71,1000.0,True,,
72,"C/ PROVENÇA, 215",ELECTRICBIKESTATION,41.3927771,2.1586273,37.0,"C/ PROVENÇA, 215",02-Eixample/07-la Dreta de l'Eixample,08008,27,True,72,1000.0,True,,
73,"C/ ENRIC GRANADOS, 93",ELECTRICBIKESTATION,41.392135,2.1563542,39.0,"C/ ENRIC GRANADOS, 93",02-Eixample/08-l'Antiga Esquerra de l'Eixample,08008,25,True,73,1000.0,True,,
74,"AV. JOSEP TARRADELLAS, 133",ELECTRICBIKESTATION,41.3900085,2.1432105,47.0,"AV. JOSEP TARRADELLAS, 133",02-Eixample/19-les Corts,08029,15,True,74,1000.0,True,,
75,"AV. JOSEP TARRADELLAS, 58",ELECTRICBIKESTATION,41.385004,2.1429115,40.0,"AV. JOSEP TARRADELLAS, 58",02-Eixample/09-la Nova Esquerra de l'Eixample,08029,21,True,75,1000.0,True,,
76,"C/ CÒRSEGA, 216",ELECTRICBIKESTATION,41.3917666,2.1532163,40.0,"C/ CÒRSEGA, 216",02-Eixample/08-l'Antiga Esquerra de l'Eixample,08036,32,True,76,1000.0,True,,
77,"AV. FRANCESC CAMBÓ, 10",ELECTRICBIKESTATION,41.3855644,2.1773214,8.0,"AV. FRANCESC CAMBÓ, 10","01-CiutatVella/04-Sant Pere, Santa Caterina i la Ribera",08003,24,True,77,1000.0,True,,
78,PL. UNIVERSITAT /  ARIBAU,ELECTRICBIKESTATION,41.3856474,2.1634306,21.0,PL. UNIVERSITAT /  ARIBAU,02-Eixample/10-Sant Antoni,08011,27,True,78,1000.0,True,,
79, PL.  UNIVERSITAT,ELECTRICBIKESTATION,41.385503,2.1634768,21.0,PL. UNIVERSITAT,02-Eixample/10-Sant Antoni,08007,24,True,79,1000.0,True,,
80,"C/ ENRIC  GRANADOS, 35",ELECTRICBIKESTATION,41.389668,2.1599078,31.0,"C/ ENRIC  GRANADOS, 35",02-Eixample/08-l'Antiga Esquerra de l'Eixample,08007,21,True,80,1000.0,True,,
81,"C/ VILAMARÍ,  61",ELECTRICBIKESTATION,41.3790718,2.1490553,24.0,"C/ VILAMARÍ,  61",02-Eixample/09-la Nova Esquerra de l'Eixample,08015,21,True,81,1000.0,True,,
82,"C/ CALÀBRIA, 112",ELECTRICBIKESTATION,41.38031805998654,2.1544371248113956,20.0,"C/ CALÀBRIA, 112",02-Eixample/09-la Nova Esquerra de l'Eixample,08015,39,True,82,1000.0,True,,
83,"C/ CALABRIA, 158",ELECTRICBIKESTATION,41.3821658,2.1520645,25.0,"C/ CALABRIA, 158",02-Eixample/09-la Nova Esquerra de l'Eixample,08015,24,True,83,1000.0,True,,
84,C/ DEL COMTE D'URGELL 75 B,ELECTRICBIKESTATION,41.3830299,2.1571646,20.0,"C/ DEL COMTE D'URGELL, 75 B",02-Eixample/09-la Nova Esquerra de l'Eixample,08011,27,True,84,1000.0,True,,
85,"AV. PARAL·LEL, 146 BIS",ELECTRICBIKESTATION,41.3751852,2.1592394,15.0,"AV. PARAL·LEL, 146 BIS",02-Eixample/10-Sant Antoni,08015,40,True,85,1000.0,True,,
86,"C/ VILADOMAT,  2",ELECTRICBIKESTATION,41.3755747,2.1629349,12.0,"C/ VILADOMAT,  2",02-Eixample/10-Sant Antoni,08015,27,True,86,1000.0,True,,
87,"C/ ROCAFORT, 187",ELECTRICBIKESTATION,41.38322238887374,2.1479931916296557,29.0,"C/ ROCAFORT, 187",02-Eixample/09-la Nova Esquerra de l'Eixample,08029,25,True,87,1000.0,True,,
88,"C/ LONDRES, 101-103",ELECTRICBIKESTATION,41.3936144,2.1507739,45.0,"C/ LONDRES, 101-103",02-Eixample/08-l'Antiga Esquerra de l'Eixample,08036,20,True,88,1000.0,True,,
89,"C/ ROSSELLÓ,  101",ELECTRICBIKESTATION,41.3871904,2.149131,36.0,"C/ ROSSELLÓ,  101",02-Eixample/09-la Nova Esquerra de l'Eixample,08036,24,True,89,1000.0,True,,
90,"C/ ROSSELLÓ, 108-110",ELECTRICBIKESTATION,41.388296,2.150878,36.0,"C/ ROSSELLÓ, 108-110",02-Eixample/08-l'Antiga Esquerra de l'Eixample,08036,18,True,90,1000.0,True,,
91,"C/ COMTE D'URGELL, 43",ELECTRICBIKESTATION,41.3812504,2.1594741,16.0,"C/ COMTE D'URGELL, 43",02-Eixample/10-Sant Antoni,08011,35,True,91,1000.0,True,,
92,"C / PROVENÇA, 241",ELECTRICBIKESTATION,41.3938861,2.1601641,37.0,"C / PROVENÇA, 241",02-Eixample/07-la Dreta de l'Eixample,08008,18,True,92,1000.0,True,,
94,"GRAN VIA DE LES CORTS CATALANES,375",ELECTRICBIKESTATION,41.3757914,2.1499102,26.0,"GRAN  VIA DE LES CORTS CATALANES, 375-385",02-Eixample/10-Sant Antoni,08015,48,True,94,1000.0,True,,
95,"C/ TARRAGONA, 103-115",ELECTRICBIKESTATION,41.3763948,2.1473272,28.0,"C/ TARRAGONA, 103-115",03-Sants-Montjuïc/15-Hostafrancs,08014,33,True,95,1000.0,True,,
96,"GRAN VIA DE LES CORTS CATALANES,  368",ELECTRICBIKESTATION,41.3741093,2.1481993,24.0,"GRAN VIA DE LES CORTS CATALANES, 368",03-Sants-Montjuïc/15-Hostafrancs,08010,21,True,96,1000.0,True,,
97,"C/ TARRAGONA, 141",ELECTRICBIKESTATION,41.3779613,2.1450491,29.0,"C/ TARRAGONA, 141",03-Sants-Montjuïc/15-Hostafrancs,08014,21,True,97,1000.0,True,,
98,"C/ VIRIAT, 43",ELECTRICBIKESTATION,41.3806074,2.1408633,31.0,"C/ VIRIAT, 43",03-Sants-Montjuïc/18-Sants,08014,21,True,98,1000.0,True,,
99,"C/ VIRIAT,  53",ELECTRICBIKESTATION,41.3808222,2.141539,30.0,"C/ VIRIAT,  53",03-Sants-Montjuïc/18-Sants,08014,21,True,99,1000.0,True,,
100,"C/ TARRAGONA,  159-173",ELECTRICBIKESTATION,41.379363,2.143868,29.0,"C/ TARRAGONA,  159-173",03-Sants-Montjuïc/15-Hostafrancs,08014,22,True,100,1000.0,True,,
101,"AV. DIAGONAL, 602",ELECTRICBIKESTATION,41.392878,2.143411,53.0,"AV. DIAGONAL, 602",05-Sarrià-StGervasi/26-Sant Gervasi - Galvany,08021,24,True,101,1000.0,True,,
102,"AV. DIAGONAL,  612",ELECTRICBIKESTATION,41.392567,2.1422174,54.0,"AV. DIAGONAL,  612",05-Sarrià-StGervasi/26-Sant Gervasi - Galvany,08021,24,True,102,1000.0,True,,
103,"C/ ARAGÓ, 629",ELECTRICBIKESTATION,41.410098,2.1884487,16.0,"C/ ARAGÓ, 629",10-SantMartí/65-el Clot,08026,21,True,103,1000.0,True,,
104,"C/ VALÈNCIA,  621",ELECTRICBIKESTATION,41.4108005,2.1872438,16.0,"C/ VALÈNCIA, 621",10-SantMartí/65-el Clot,08026,26,True,104,1000.0,True,,
105,"RDA. DE SANT PERE, 26",ELECTRICBIKESTATION,41.389492,2.17425,15.0,"RDA. DE SANT PERE, 26",02-Eixample/07-la Dreta de l'Eixample,08010,21,True,105,1000.0,True,,
106,"PL JOANIC - C / BRUNIQUER, 59",ELECTRICBIKESTATION,41.4055198,2.1622548,56.0," PL  JOANIC - C / BRUNIQUER, 59",06-Gràcia/31-la Vila de Gràcia,08024,19,True,106,1000.0,True,,
107,"TRAV. DE GRÀCIA, 92 / VIA AUGUSTA",ELECTRICBIKESTATION,41.3982304,2.1531031,56.0,"TRAV. DE GRÀCIA, 92 / VIA AUGUSTA",05-Sarrià-StGervasi/26-Sant Gervasi - Galvany,08006,20,True,107,1000.0,True,,
108,"C / INDÚSTRIA, 10",ELECTRICBIKESTATION,41.4022081,2.1649035,45.0,"C / INDÚSTRIA, 10",06-Gràcia/32-el Camp d'en Grassot i Gràcia Nova,08037,21,True,108,1000.0,True,,
109,"C/ LONDRES,  53",ELECTRICBIKESTATION,41.3912605,2.1476308,43.0,"C/ LONDRES,  53",02-Eixample/08-l'Antiga Esquerra de l'Eixample,08036,24,True,109,1000.0,True,,
110,"AV. ROMA,  136",ELECTRICBIKESTATION,41.3852585,2.155089,25.0,"AV. ROMA,  136",02-Eixample/08-l'Antiga Esquerra de l'Eixample,08011,17,True,110,1000.0,True,,
111,C/ ARAGÓ 147,ELECTRICBIKESTATION,41.3847528,2.1546746,21.0,C/ ARAGÓ 147,02-Eixample/09-la Nova Esquerra de l'Eixample,08015,19,True,111,1000.0,True,,
112,"C/ FLORIDABLANCA,  49",ELECTRICBIKESTATION,41.3776721,2.157233,13.0,"C/ FLORIDABLANCA, 49",02-Eixample/10-Sant Antoni,08015,20,True,112,1000.0,True,,
113,"RONDA DE SANT PAU , 51",ELECTRICBIKESTATION,41.3773113,2.1646742,11.0,"RONDA DE SANT PAU, 51",02-Eixample/10-Sant Antoni,08015,34,True,113,1000.0,True,,
114,"PL. JEAN GENET,  1",ELECTRICBIKESTATION,41.376735,2.1740082,5.0,"PL. JEAN GENET,  1",01-CiutatVella/01-el Raval,08001,20,True,114,1000.0,True,,
115,"AV. MARQUÉS DE L'ARGENTERA,  3",ELECTRICBIKESTATION,41.383597,2.184171,4.0,"AV. MARQUÉS DE L'ARGENTERA,  3","01-CiutatVella/04-Sant Pere, Santa Caterina i la Ribera",08003,21,True,115,1000.0,True,,
116,"C/ DEL DR. AIGUADER, 72 / PG. SALVAT",ELECTRICBIKESTATION,41.3838369,2.1914756,5.0,"C/ DEL DR. AIGUADER, 72 / PG. SALVAT PAPASSEIT",01-CiutatVella/03-la Barceloneta,08003,26,True,116,1000.0,True,,
117,"C/ ROSA SENSAT, 12",ELECTRICBIKESTATION,41.3906051,2.1972309,5.0,"C/ ROSA SENSAT, 12",10-SantMartí/67-la Vila Olímpica del Poblenou,08005,21,True,117,1000.0,True,,
118,"C/ PUJADES,  3",ELECTRICBIKESTATION,41.39212,2.1874966,6.0,"C/ PUJADES,  3",10-SantMartí/66-el Parc i la Llacuna del Poblenou,08018,27,True,118,1000.0,True,,
119,"C/ SARDENYA,  178",ELECTRICBIKESTATION,41.3967169,2.1825085,12.0,"C/ SARDENYA,  178",02-Eixample/05-el Fort Pienc,08013,39,True,119,1000.0,True,,
120,"C/ LEPANT,  278",ELECTRICBIKESTATION,41.4047056,2.1765126,28.0,"C/ LEPANT,  278",02-Eixample/06-la Sagrada Família,08013,21,True,120,1000.0,True,,
121,"C/ CASTILLEJOS, 258",ELECTRICBIKESTATION,41.4064529,2.1785364,28.0,"C/ CASTILLEJOS, 258",02-Eixample/06-la Sagrada Família,08013,21,True,121,1000.0,True,,
122,"C/ NÀPOLS, 344",ELECTRICBIKESTATION,41.4054458,2.1663172,54.0,"C/ NÀPOLS, 344",06-Gràcia/32-el Camp d'en Grassot i Gràcia Nova,08025,33,True,122,1000.0,True,,
123,"C/ PROVENÇA, 317",ELECTRICBIKESTATION,41.3988184485363,2.166735224916682,34.0,"C/ PROVENÇA, 317",02-Eixample/07-la Dreta de l'Eixample,08037,21,True,123,1000.0,True,,
124,C/ NOVA  BOCANA,ELECTRICBIKESTATION,41.3702483,2.1878126,3.0,C/ NOVA  BOCANA,01-CiutatVella/03-la Barceloneta,08039,30,True,124,1000.0,True,,
125,"PG. MARíTIM, 31 B (ANNEXA A LA 12)",ELECTRICBIKESTATION,41.3834753,2.194735,7.0," PG. MARíTIM, 31 B (ANNEXA A LA  12)",01-CiutatVella/03-la Barceloneta,08003,21,True,125,1000.0,True,,
126,PG. DE COLOM /VIA LAIETANA,ELECTRICBIKESTATION,41.380628,2.1822815,4.0,PG. DE COLOM /VIA LAIETANA,01-CiutatVella/02-el Barri Gòtic,08002,23,True,126,1000.0,True,,
127,"C/ ARAGÓ, 659 / NAVAS DE TOLOSA",ELECTRICBIKESTATION,41.4120681,2.1907524,16.0,"C/ ARAGÓ, 659 /NAVAS DE TOLOSA",10-SantMartí/65-el Clot,08026,27,True,127,1000.0,True,,
128,"RAMBLA DE GUIPÚSCOA, 43/FLUVIA",ELECTRICBIKESTATION,41.4158412,2.1959771,10.0,"RAMBLA DE GUIPÚSCOA, 43/FLUVIA",10-SantMartí/72-Sant Martí de Provençals,08020,43,True,128,1000.0,True,,
129,"C/ MANSO, 46",ELECTRICBIKESTATION,41.377046,2.16113608,13.0,"C/ MANSO, 46",02-Eixample/10-Sant Antoni,08015,23,True,129,1000.0,True,,
130,"RAMBLA DE GUIPÚSCOA, 103 / CANTÀBRIA",ELECTRICBIKESTATION,41.4200135,2.2016699,8.0,"RAMBLA DE GUIPÚSCOA, 103 /CANTÀBRIA",10-SantMartí/73-la Verneda i la Pau,08020,24,True,130,1000.0,True,,
131,"RAMBLA  DE GUIPÚSCOA, 158/ CA N'OLIVA",ELECTRICBIKESTATION,41.4227912,2.2060317,11.0,"RAMBLA  DE GUIPÚSCOA, 158/ CA N'OLIVA",10-SantMartí/73-la Verneda i la Pau,08020,29,True,131,1000.0,True,,
132,PL. VALENTÍ ALMIRALL,ELECTRICBIKESTATION,41.4084796,2.192042,6.0,PL.VALENTÍ ALMIRALL,10-SantMartí/65-el Clot,08018,27,True,132,1000.0,True,,
133,"GRAN VIA DE LES CORTS CATALANES,  902",ELECTRICBIKESTATION,41.4075013,2.1930174,6.0,"GRAN VIA DE LES CORTS CATALANES, 902",10-SantMartí/71-Provençals del Poblenou,08018,16,True,133,1000.0,True,,
134,"C/ BAC DE RODA, 157",ELECTRICBIKESTATION,41.4113024,2.1987258,6.0,"C/ BAC DE RODA, 157",10-SantMartí/71-Provençals del Poblenou,08018,21,True,134,1000.0,True,,
135,"GRAN VIA DE LES CORTS CATALANES,  981",ELECTRICBIKESTATION,41.4120452,2.1972673,8.0,"GRAN VIA DE LES CORTS CATALANES,  981",10-SantMartí/72-Sant Martí de Provençals,08018,21,True,135,1000.0,True,,
136,"GRAN VIA DE LES CORTS CATALANES,  1062",ELECTRICBIKESTATION,41.4139298,2.2017955,8.0,"GRAN VIA DE LES CORTS CATALANES,  1062",10-SantMartí/71-Provençals del Poblenou,08020,31,True,136,1000.0,True,,
137,"GRAN VIA DE LES CORTS CATALANES , 1041",ELECTRICBIKESTATION,41.4145805,2.2008139,7.0,"GRAN VIA DE LES CORTS CATALANES, 1041",10-SantMartí/72-Sant Martí de Provençals,08020,25,True,137,1000.0,True,,
138,"GRAN VIA DE LES CORTS CATALANES,  1118",ELECTRICBIKESTATION,41.4167933,2.2058345,7.0,"GRAN VIA DE LES CORTS CATALANES, 1118",10-SantMartí/71-Provençals del Poblenou,08020,21,True,138,1000.0,True,,
139,"GRAN VIA DE LES CORTS CATALANES,  1131",ELECTRICBIKESTATION,41.4183999,2.2058133,7.0,"GRAN VIA DE LES CORTS CATALANES,  1131",10-SantMartí/73-la Verneda i la Pau,08020,35,True,139,1000.0,True,,
140,"C/ VILADOMAT,  122",ELECTRICBIKESTATION,41.3808772,2.1559939,19.0,"C/ VILADOMAT, 122",02-Eixample/09-la Nova Esquerra de l'Eixample,08015,27,True,140,1000.0,True,,
141,"C/ BILBAO, 174",ELECTRICBIKESTATION,41.4090202,2.1954152,7.0,"C/ BILBAO, 174",10-SantMartí/71-Provençals del Poblenou,08018,32,True,141,1000.0,True,,
142,"C/ SANCHO DE ÁVILA,  104 - C/ BADAJOZ",ELECTRICBIKESTATION,41.4003793,2.1924144,4.0,"C/ SANCHO DE ÁVILA,  104 - C/ BADAJOZ",10-SantMartí/66-el Parc i la Llacuna del Poblenou,08018,40,True,142,1000.0,True,,
143,"C/ SANCHO DE ÁVILA, 170 / LLACUNA",ELECTRICBIKESTATION,41.4027907,2.1956161,4.0,"C/ SANCHO DE ÁVILA, 170 / LLACUNA",10-SantMartí/68-el Poblenou,08018,26,True,143,1000.0,True,,
144,"C/ CASTELLA,  28 / DIAGONAL",ELECTRICBIKESTATION,41.4056269,2.1977119,4.0,"C/ CASTELLA,  28 / DIAGONAL",10-SantMartí/68-el Poblenou,08018,27,True,144,1000.0,True,,
145,"C/ PERE IV,  301 / FLUVIÀ",ELECTRICBIKESTATION,41.4093405,2.2024461,4.0,"C/ PERE IV,  301 / FLUVIÀ",10-SantMartí/71-Provençals del Poblenou,08020,27,True,145,1000.0,True,,
146,"C/ PERE IV, 488",ELECTRICBIKESTATION,41.4148983,2.207186,4.0,"C/ PERE IV, 488",10-SantMartí/71-Provençals del Poblenou,08019,24,True,146,1000.0,True,,
147,"RAMBLA PRIM, 79",ELECTRICBIKESTATION,41.416043,2.2124993,5.0,"RAMBLA PRIM, 79",10-SantMartí/70-el Besòs i el Maresme,08019,33,True,147,1000.0,True,,
148,"RONDA SANT PAU, 79",ELECTRICBIKESTATION,41.3783467,2.1633139,12.0,"RONDA SANT PAU, 79",02-Eixample/10-Sant Antoni,08015,27,True,148,1000.0,True,,
149,"C/ PUJADES, 57B",ELECTRICBIKESTATION,41.3958685,2.192952,4.0,"C/ PUJADES, 57B",10-SantMartí/66-el Parc i la Llacuna del Poblenou,08019,27,True,149,1000.0,True,,
150,"C/ ESPRONCEDA, 124",ELECTRICBIKESTATION,41.4065912,2.203028,4.0,"C/ ESPRONCEDA, 124",10-SantMartí/68-el Poblenou,08005,27,True,150,1000.0,True,,
151,"C/ PALLARS, 182",ELECTRICBIKESTATION,41.4003471,2.1969105,3.0,"C/ PALLARS, 182",10-SantMartí/68-el Poblenou,08005,31,True,151,1000.0,True,,
152,"C/ PUJADES, 121",ELECTRICBIKESTATION,41.3993329,2.1974184,3.0,"C/ PUJADES, 121",10-SantMartí/68-el Poblenou,08005,31,True,152,1000.0,True,,
153,"C/ PUJADES, 173/RBLA POBLE NOU",ELECTRICBIKESTATION,41.4018686,2.20077,3.0,"C/ PUJADES, 173/RBLA POBLE NOU",10-SantMartí/68-el Poblenou,08005,23,True,153,1000.0,True,,
154,"C/ PUJADES, 191",ELECTRICBIKESTATION,41.4026275,2.2017694,2.0,"C/ PUJADES, 191",10-SantMartí/68-el Poblenou,08005,32,True,154,1000.0,True,,
155,"C/ PUJADES, 311/ FLUVIÀ",ELECTRICBIKESTATION,41.4070139,2.2074469,4.0,"C/ PUJADES, 311/ FLUVIÀ",10-SantMartí/69-Diagonal Mar i el Front Marítim del Poblenou,08019,32,True,155,1000.0,True,,
156,"C/ SELVA DE MAR, 46",ELECTRICBIKESTATION,41.4091355,2.2088179,4.0,"C/ SELVA DE MAR, 46",10-SantMartí/69-Diagonal Mar i el Front Marítim del Poblenou,08019,27,True,156,1000.0,True,,
157,"C/ LLULL, 465",ELECTRICBIKESTATION,41.4132316,2.2177652,4.0,"C/ LLULL, 465",10-SantMartí/70-el Besòs i el Maresme,08019,33,True,157,1000.0,True,,
158,"RAMBLA DE PRIM, 19",ELECTRICBIKESTATION,41.4116634,2.2183313,4.0,"RAMBLA DE PRIM, 19",10-SantMartí/70-el Besòs i el Maresme,08019,31,True,158,1000.0,True,,
159,"AV. DIAGONAL, 26",ELECTRICBIKESTATION,41.4110822,2.2163136,4.0,"AV. DIAGONAL, 26",10-SantMartí/70-el Besòs i el Maresme,08019,36,True,159,1000.0,True,,
160,"AV. D'EDUARD MARISTANY, 1 /FORUM",ELECTRICBIKESTATION,41.4109763,2.2193724,4.0,"AV. D'EDUARD MARISTANY, 1 /FORUM",10-SantMartí/70-el Besòs i el Maresme,08019,33,True,160,1000.0,True,,
161,"C/ RAMON TURRÓ, 91",ELECTRICBIKESTATION,41.3953011,2.1965965,4.0,"C/ RAMON TURRÓ, 91",10-SantMartí/67-la Vila Olímpica del Poblenou,08005,27,True,161,1000.0,True,,
162,"C/ RAMON TURRÓ, 292",ELECTRICBIKESTATION,41.4038559,2.2084257,3.0,"C/ RAMON TURRÓ, 292",10-SantMartí/69-Diagonal Mar i el Front Marítim del Poblenou,08005,27,True,162,1000.0,True,,
164,"C/ INDEPENDÈNCIA, 379",ELECTRICBIKESTATION,41.4118378,2.1778852,46.0,"C/ INDEPENDÈNCIA, 379",10-SantMartí/64-el Camp de l'Arpa del Clot,08026,27,True,164,1000.0,True,,
165,"C/ DEL DOCTOR TRUETA, 222",ELECTRICBIKESTATION,41.3992169,2.2041415,3.0,"C/ DEL DOCTOR TRUETA, 222",10-SantMartí/68-el Poblenou,08005,27,True,165,1000.0,True,,
166,"C/ BILBAO, 2",ELECTRICBIKESTATION,41.4008312,2.206645,3.0,"C/ BILBAO, 2",10-SantMartí/68-el Poblenou,08005,27,True,166,1000.0,True,,
167,"C/ BAC DE RODA, 11",ELECTRICBIKESTATION,41.4023354,2.2105777,3.0,"C/ BAC DE RODA, 11",10-SantMartí/68-el Poblenou,08005,21,True,167,1000.0,True,,
168,SELVA DE MAR / PG. DEL TAULAT,ELECTRICBIKESTATION,41.4053697,2.2135818,5.0,SELVA DE MAR / PG. DEL TAULAT,10-SantMartí/69-Diagonal Mar i el Front Marítim del Poblenou,08019,26,True,168,1000.0,True,,
170,"AV. LITORAL, 40 (D)",ELECTRICBIKESTATION,41.3896642,2.1999572,6.0,"AV. LITORAL, 40 (D)",10-SantMartí/67-la Vila Olímpica del Poblenou,08005,54,True,170,1000.0,True,,
171,"AV. LITORAL, 172",ELECTRICBIKESTATION,41.3919877,2.2037136,5.0,"AV. LITORAL, 172",10-SantMartí/67-la Vila Olímpica del Poblenou,08005,54,True,171,1000.0,True,,
173,"AV.LITORAL, 84",ELECTRICBIKESTATION,41.3979002,2.2088454,8.0,"AV.LITORAL, 84",10-SantMartí/68-el Poblenou,08005,27,True,173,1000.0,True,,
174,"PG. DE GARCIA FÀRIA, 21/ESPRONCEDA",ELECTRICBIKESTATION,41.400654,2.210191,6.0,"PG. DE GARCIA FÀRIA, 21/ESPRONCEDA",10-SantMartí/69-Diagonal Mar i el Front Marítim del Poblenou,08005,27,True,174,1000.0,True,,
175,"C/ LLULL, 309",ELECTRICBIKESTATION,41.4065291,2.2091221,4.0,"C/ LLULL, 309",10-SantMartí/69-Diagonal Mar i el Front Marítim del Poblenou,08019,27,True,175,1000.0,True,,
176,"PG. DE GARCIA FÀRIA, 37/JOSEP FERRATER",ELECTRICBIKESTATION,41.403216,2.2136,6.0,"PG. DE GARCIA FÀRIA, 37/JOSEP FERRATER",10-SantMartí/69-Diagonal Mar i el Front Marítim del Poblenou,08019,31,True,176,1000.0,True,,
177,"C/ ROSSELLÓ, 557",ELECTRICBIKESTATION,41.4110754,2.1809764,33.0,"C/ ROSSELLÓ, 557",10-SantMartí/64-el Camp de l'Arpa del Clot,08026,38,True,177,1000.0,True,,
178,"PG. DE GARCIA FÀRIA, 85",ELECTRICBIKESTATION,41.4053649,2.2162094,7.0,"PG. DE GARCIA FÀRIA, 85",10-SantMartí/69-Diagonal Mar i el Front Marítim del Poblenou,08019,27,True,178,1000.0,True,,
179,"PG. ZONA FRANCA, 244",ELECTRICBIKESTATION,41.36352,2.1369015,9.0,"PG. ZONA FRANCA, 244",03-Sants-Montjuïc/13-la Marina de Port,08038,16,True,179,1000.0,True,,
180,"GRAN VIA DE LES CORTS CATALANES, 179 (D)",ELECTRICBIKESTATION,41.3675574,2.1388216,14.0,"GRAN VIA DE LES CORTS CATALANES, 179 (D)",03-Sants-Montjuïc/16-la Bordeta,08014,51,True,180,1000.0,True,,
182,"C/ SANT PERE D´ABANTO, 2",ELECTRICBIKESTATION,41.371366,2.143565,18.0,"C/ SANT PERE D´ABANTO, 2",03-Sants-Montjuïc/15-Hostafrancs,08014,33,True,182,1000.0,True,,
183,"C/ GAVÀ, 1",ELECTRICBIKESTATION,41.3723682,2.1419494,18.0,"C/ GAVÀ, 1",03-Sants-Montjuïc/16-la Bordeta,08014,30,True,183,1000.0,True,,
184,"C/ QUETZAL, 22-24",ELECTRICBIKESTATION,41.3675438,2.1342316,22.0,"C/ QUETZAL, 22-24",03-Sants-Montjuïc/16-la Bordeta,08014,27,True,184,1000.0,True,,
185,"C/GAVÀ, 81",ELECTRICBIKESTATION,41.3703717,2.1389439,20.0,"C/GAVÀ, 81",03-Sants-Montjuïc/16-la Bordeta,08014,17,True,185,1000.0,True,,
186,"C/CONSELL DE CENT, 6",ELECTRICBIKESTATION,41.3755503,2.1439036,27.0,"C/CONSELL DE CENT, 6",03-Sants-Montjuïc/15-Hostafrancs,08014,26,True,186,1000.0,True,,
187,"C/ DE SANT PAU, 89 - 97",ELECTRICBIKESTATION,41.3768806,2.1698206,5.0,"C/ DE SANT PAU, 89 - 97",01-CiutatVella/01-el Raval,08001,19,True,187,1000.0,True,,
188,PG. SANT ANTONI /PL. SANTS,ELECTRICBIKESTATION,41.3756948,2.1358571,30.0,PG. SANT ANTONI /PL. SANTS,03-Sants-Montjuïc/18-Sants,08014,27,True,188,1000.0,True,,
189,"C/ BRUC, 130",ELECTRICBIKESTATION,41.3969839,2.1661852,34.0,"C/ BRUC, 130",02-Eixample/07-la Dreta de l'Eixample,08037,28,True,189,1000.0,True,,
190,"AV. LITORAL, 72",ELECTRICBIKESTATION,41.3961412,2.2078439,6.0,"AV. LITORAL, 72",10-SantMartí/68-el Poblenou,08005,29,True,190,1000.0,True,,
191,"C/ ENTENÇA, 137",ELECTRICBIKESTATION,41.381951,2.147474,15.0,"C/ ENTENÇA, 137",02-Eixample/09-la Nova Esquerra de l'Eixample,08015,37,True,191,1000.0,True,,
192,"C/ JOAN GÜELL, 50",ELECTRICBIKESTATION,41.3786364,2.1335494,33.0,"C/ JOAN GÜELL, 50",03-Sants-Montjuïc/18-Sants,08028,21,True,192,1000.0,True,,
193,"C/ FÍGOLS, 1",ELECTRICBIKESTATION,41.3812979,2.1289917,41.0,"C/ FÍGOLS, 1",04-LesCorts/19-les Corts,08028,27,True,193,1000.0,True,,
194,"C/ JOAN GÜELL, 98",ELECTRICBIKESTATION,41.3812001,2.1323612,38.0,"C/ JOAN GÜELL, 98",04-LesCorts/19-les Corts,08028,24,True,194,1000.0,True,,
195,"C/ VALLESPIR, 130",ELECTRICBIKESTATION,41.3821371,2.1354149,38.0,"C/ VALLESPIR, 130",04-LesCorts/19-les Corts,08014,27,True,195,1000.0,True,,
196,"C/ BERLÍN, 38",ELECTRICBIKESTATION,41.3832609,2.1392662,38.0,"C/ BERLÍN, 38",03-Sants-Montjuïc/18-Sants,08029,27,True,196,1000.0,True,,
197,"C/ GELABERT, 1",ELECTRICBIKESTATION,41.3871579,2.1410945,47.0,"C/ GELABERT, 1",04-LesCorts/19-les Corts,08029,27,True,197,1000.0,True,,
198,"C/ VALLESPIR, 194",ELECTRICBIKESTATION,41.3847113,2.1334379,48.0,"C/ VALLESPIR, 194",04-LesCorts/19-les Corts,08014,27,True,198,1000.0,True,,
199,"C/ MEJÍA LEQUERICA, 2",ELECTRICBIKESTATION,41.3819739,2.1268625,47.0,"C/ MEJÍA LEQUERICA, 2",04-LesCorts/20-la Maternitat i Sant Ramon,08028,27,True,199,1000.0,True,,
200,"C/ JOAN GÜELL, 174",ELECTRICBIKESTATION,41.3839045,2.1312876,47.0,"C/ JOAN GÜELL, 174",04-LesCorts/19-les Corts,08028,23,True,200,1000.0,True,,
201,"C/ NUMÀNCIA, 136",ELECTRICBIKESTATION,41.3878061,2.1344218,55.0,"C/ NUMÀNCIA, 136",04-LesCorts/19-les Corts,08029,24,True,201,1000.0,True,,
202,"C/ DE LES CORTS, 20",ELECTRICBIKESTATION,41.3854466,2.1288753,52.0,"C/ DE LES CORTS, 20",04-LesCorts/19-les Corts,08028,27,True,202,1000.0,True,,
203,"AV. DIAGONAL, 668",ELECTRICBIKESTATION,41.3887069,2.1285766,64.0,"AV. DIAGONAL, 668",04-LesCorts/19-les Corts,08034,33,True,203,1000.0,True,,
204,"AV. DIAGONAL, 672",ELECTRICBIKESTATION,41.3880355,2.1256248,63.0,"AV. DIAGONAL, 672",04-LesCorts/21-Pedralbes,08034,33,True,204,1000.0,True,,
205,"C/ EUROPA, 25",ELECTRICBIKESTATION,41.387561,2.1306737,57.0,"C/ EUROPA, 25",04-LesCorts/19-les Corts,08028,29,True,205,1000.0,True,,
206,"AV. DIAGONAL, 650",ELECTRICBIKESTATION,41.3897943,2.1328634,62.0," AV. DIAGONAL, 650",04-LesCorts/19-les Corts,08017,33,True,206,1000.0,True,,
207,"AV. DIAGONAL, 634",ELECTRICBIKESTATION,41.3908477,2.136579,62.0,"AV. DIAGONAL, 634",04-LesCorts/19-les Corts,08017,25,True,207,1000.0,True,,
208,"AV. DIAGONAL, 630",ELECTRICBIKESTATION,41.3915195,2.1390667,59.0,"AV. DIAGONAL, 630",05-Sarrià-StGervasi/26-Sant Gervasi - Galvany,08017,33,True,208,1000.0,True,,
209,"C/ DIPUTACIÓ, 200",ELECTRICBIKESTATION,41.3857425,2.1610515,23.0,"C/ DIPUTACIÓ, 200",02-Eixample/08-l'Antiga Esquerra de l'Eixample,08011,26,True,209,1000.0,True,,
210,"C/ VILARDELL, 18",ELECTRICBIKESTATION,41.3745238,2.1422556,22.0,"C/ VILARDELL, 18",03-Sants-Montjuïc/15-Hostafrancs,08014,31,True,210,1000.0,True,,
211,"C/ SANCHO DE ÁVILA, 60-64",ELECTRICBIKESTATION,41.3987543,2.1902116,5.0,"C/ SANCHO DE ÁVILA, 60-64",10-SantMartí/66-el Parc i la Llacuna del Poblenou,08018,28,True,211,1000.0,True,,
212,"AV. SARRIÀ, 163",ELECTRICBIKESTATION,41.3922355,2.1309272,75.0,"AV. SARRIÀ, 163",04-LesCorts/19-les Corts,08017,24,True,212,1000.0,True,,
213,"C/ SANTA FE DE NOU MÈXIC, 2",ELECTRICBIKESTATION,41.3935816,2.1345892,70.0,"C/ SANTA FE DE NOU MÈXIC, 2",05-Sarrià-StGervasi/24-les Tres Torres,08017,33,True,213,1000.0,True,,
214,"C/ JOSÉ DE  AGULLÓ, 9",ELECTRICBIKESTATION,41.3952027,2.1334873,72.0,"C/ JOSÉ DE  AGULLÓ, 9",05-Sarrià-StGervasi/24-les Tres Torres,08017,25,True,214,1000.0,True,,
215,"C/ GANDUXER, 29",ELECTRICBIKESTATION,41.3939378,2.1380304,65.0,"C/ GANDUXER, 29",05-Sarrià-StGervasi/26-Sant Gervasi - Galvany,08021,21,True,215,1000.0,True,,
216,"C/ MADRAZO, 131",ELECTRICBIKESTATION,41.3967824,2.1445567,63.0,"C/ MADRAZO, 131",05-Sarrià-StGervasi/26-Sant Gervasi - Galvany,08021,27,True,216,1000.0,True,,
217,"C/ RECTOR UBACH, 24",ELECTRICBIKESTATION,41.3985735,2.1440826,75.0,"C/ RECTOR UBACH, 24",05-Sarrià-StGervasi/26-Sant Gervasi - Galvany,08021,27,True,217,1000.0,True,,
218,"C/ CONSELL DE CENT, 566",ELECTRICBIKESTATION,41.4040364,2.183145,17.0,"C/ CONSELL DE CENT, 566",02-Eixample/06-la Sagrada Família,08013,39,True,218,1000.0,True,,
219,"C/ LAFORJA, 74-76",ELECTRICBIKESTATION,41.3976165,2.1471724,67.0,"C/ LAFORJA, 74-76",05-Sarrià-StGervasi/26-Sant Gervasi - Galvany,08021,25,True,219,1000.0,True,,
220,"C/ TUSET, 19",ELECTRICBIKESTATION,41.3960982,2.1513154,53.0,"C/ TUSET, 19",05-Sarrià-StGervasi/26-Sant Gervasi - Galvany,08006,27,True,220,1000.0,True,,
221,"GRAN DE GRÀCIA, 155 (METRO FONTANA)",ELECTRICBIKESTATION,41.4025392,2.1524704,68.0,"GRAN DE GRÀCIA, 155 (METRO FONTANA)",06-Gràcia/31-la Vila de Gràcia,08012,24,True,221,1000.0,True,,
222,"C/ DEL CANÓ, 1",ELECTRICBIKESTATION,41.4013296,2.1574439,58.0,"C/ DEL CANÓ, 1",06-Gràcia/31-la Vila de Gràcia,08012,27,True,222,1000.0,True,,
223,"C/ DE BONAVISTA, 14",ELECTRICBIKESTATION,41.3983444,2.1598243,48.0,"C/ DE BONAVISTA, 14",06-Gràcia/31-la Vila de Gràcia,08012,36,True,223,1000.0,True,,
224,"C / GIRONA, 176",ELECTRICBIKESTATION,41.3999967,2.1644531,40.0,"C / GIRONA, 176",02-Eixample/07-la Dreta de l'Eixample,08037,26,True,224,1000.0,True,,
225,"C/ VILADOMAT, 200",ELECTRICBIKESTATION,41.384810211467105,2.1508071246452154,28.0,"C/ VILADOMAT, 200",02-Eixample/09-la Nova Esquerra de l'Eixample,08029,25,True,225,1000.0,True,,
226,"C/ MONTMANY, 1",ELECTRICBIKESTATION,41.4035608,2.1609345,52.0,"C/ MONTMANY, 1",06-Gràcia/31-la Vila de Gràcia,08012,27,True,226,1000.0,True,,
227,"C/ DEL TORRENT DE LES FLORS, 102",ELECTRICBIKESTATION,41.4078456,2.1586704,69.0,"C/ DEL TORRENT DE LES FLORS, 102",06-Gràcia/31-la Vila de Gràcia,08024,18,True,227,1000.0,True,,
228,"PL. DEL NORD, 5",ELECTRICBIKESTATION,41.4068417,2.1558354,73.0,"PL. DEL NORD, 5",06-Gràcia/31-la Vila de Gràcia,08024,21,True,228,1000.0,True,,
229,"C/ DE LA SANTACREU, 2 (PL. DE LA VIRREINA)",ELECTRICBIKESTATION,41.4050968,2.1569161,68.0,"C/ DE LA SANTACREU, 2 (PL. DE LA VIRREINA)",06-Gràcia/31-la Vila de Gràcia,08024,28,True,229,1000.0,True,,
230,"C/ DE NIL FABRA, 16-20",ELECTRICBIKESTATION,41.4059356,2.1517977,80.0,"C/ DE NIL FABRA, 16-20",06-Gràcia/31-la Vila de Gràcia,08012,26,True,230,1000.0,True,,
232,"C/ PALAUDÀRIES, 2",ELECTRICBIKESTATION,41.37449997033759,2.1730255457161096,6.0,"C/ PALAUDÀRIES, 2",03-Sants-Montjuïc/11-el Poble-sec,08004,27,True,232,1000.0,True,,
233,"C/ NOU DE LA RAMBLA, 164",ELECTRICBIKESTATION,41.3719688,2.1667829,21.0,"C/ NOU DE LA RAMBLA, 164",03-Sants-Montjuïc/11-el Poble-sec,08004,27,True,233,1000.0,True,,
234,"PG. DE L´EXPOSICIÓ, 38 | BLASCO GARAY",ELECTRICBIKESTATION,41.371532,2.162203,31.0,"PG. DE L´EXPOSICIÓ, 38 | BLASCO GARAY",03-Sants-Montjuïc/11-el Poble-sec,08004,27,True,234,1000.0,True,,
235,"AV. PARAL.LEL, 98",ELECTRICBIKESTATION,41.3751767,2.1658972,10.0,"AV. PARAL.LEL, 98",02-Eixample/11-el Poble-sec,08015,21,True,235,1000.0,True,,
236,"AV. PARAL.LEL, 194",ELECTRICBIKESTATION,41.3751161,2.1523091,24.0,"AV. PARAL.LEL, 194",02-Eixample/10-Sant Antoni,08015,25,True,236,1000.0,True,,
237,"C/ RIUS I TAULET, 4",ELECTRICBIKESTATION,41.3727426,2.1539198,33.0,"C/ RIUS I TAULET, 4",03-Sants-Montjuïc/11-el Poble-sec,08004,27,True,237,1000.0,True,,
238,"C/ ESPRONCEDA, 298",ELECTRICBIKESTATION,41.4158807,2.1908473,16.0,"C/ ESPRONCEDA, 298",09-SantAndreu/63-Navas,08027,27,True,238,1000.0,True,,
239,"C/ INDÚSTRIA, 329",ELECTRICBIKESTATION,41.4172922,2.1844769,31.0,"C/ INDÚSTRIA, 329",09-SantAndreu/63-Navas,08027,35,True,239,1000.0,True,,
240,"C/ JOSEP ESTIVILL, 32",ELECTRICBIKESTATION,41.4175595,2.1877153,23.0,"C/ JOSEP ESTIVILL, 32",09-SantAndreu/63-Navas,08027,26,True,240,1000.0,True,,
241,"C/ TEODOR LLORENTE, 1",ELECTRICBIKESTATION,41.419178,2.18018,44.0,"C/ TEODOR LLORENTE, 1",07-Horta-Guinardó/35-el Guinardó,08041,33,True,241,1000.0,True,,
242,"C/ RAMON ALBÓ, 1",ELECTRICBIKESTATION,41.4244527,2.1773157,56.0,"C/ RAMON ALBÓ, 1",09-SantAndreu/62-el Congrés i els Indians,08027,27,True,242,1000.0,True,,
243,"C/ ALEXANDRE GALÍ, 1-5",ELECTRICBIKESTATION,41.4239719,2.1812399,42.0,"C/ ALEXANDRE GALÍ, 1-5",09-SantAndreu/62-el Congrés i els Indians,08027,27,True,243,1000.0,True,,
244,"C/ FELIP II, 214",ELECTRICBIKESTATION,41.426925,2.1786224,44.0,"C/ FELIP II, 214",09-SantAndreu/62-el Congrés i els Indians,08027,27,True,244,1000.0,True,,
245,"LA RAMBLA, 101",ELECTRICBIKESTATION,41.3826647,2.1717083,10.0,"LA RAMBLA, 101",01-CiutatVella/01-el Raval,08002,27,True,245,1000.0,True,,
246," C/ GARCILASO, 77",ELECTRICBIKESTATION,41.4228449,2.1866363,30.0,"C/ GARCILASO, 77",09-SantAndreu/61-la Sagrera,08027,18,True,246,1000.0,True,,
247,"C/ FELIPE II, 112",ELECTRICBIKESTATION,41.4219291,2.1849107,32.0,"C/ FELIPE II, 112",09-SantAndreu/61-la Sagrera,08027,32,True,247,1000.0,True,,
248,"C/ PALÈNCIA, 31",ELECTRICBIKESTATION,41.4182129,2.1904005,18.0,"C/ PALÈNCIA, 31",09-SantAndreu/61-la Sagrera,08027,27,True,248,1000.0,True,,
249,"C/ ANTILLES, 8",ELECTRICBIKESTATION,41.4250835,2.1872818,21.0,"C/ ANTILLES, 8",09-SantAndreu/61-la Sagrera,08027,27,True,249,1000.0,True,,
250,"C/ PORTUGAL, 3",ELECTRICBIKESTATION,41.4258248,2.191206,25.0,"C/ PORTUGAL, 3",09-SantAndreu/61-la Sagrera,08027,27,True,250,1000.0,True,,
251,"C/ CARDENAL TEDESCHINI, 13",ELECTRICBIKESTATION,41.4253643,2.1852073,35.0,"C/ CARDENAL TEDESCHINI, 13",09-SantAndreu/61-la Sagrera,08027,33,True,251,1000.0,True,,
252,"RAMBLA DE L'ONZE DE SETEMBRE, 31",ELECTRICBIKESTATION,41.4298991,2.1932159,24.0,"RAMBLA DE L'ONZE DE SETEMBRE, 31",09-SantAndreu/60-Sant Andreu,08030,33,True,252,1000.0,True,,
253,"C/ ONZE DE SETEMBRE, 37-39",ELECTRICBIKESTATION,41.4298614,2.1922011,25.0,"C/ ONZE DE SETEMBRE, 37-39",09-SantAndreu/60-Sant Andreu,08030,27,True,253,1000.0,True,,
254,"RAMBLA DE L'ONZE DE SETEMBRE, 69",ELECTRICBIKESTATION,41.4299999,2.190246,26.0,"RAMBLA DE L'ONZE DE SETEMBRE, 69",09-SantAndreu/60-Sant Andreu,08030,26,True,254,1000.0,True,,
255,"C/ IRLANDA, 34",ELECTRICBIKESTATION,41.4315,2.18579,30.0,"C/ IRLANDA, 34",09-SantAndreu/60-Sant Andreu,08030,15,True,255,1000.0,True,,
256,"C/ MALATS, 28-30",ELECTRICBIKESTATION,41.4361251,2.1894423,25.0,"C/ MALATS, 28-30",09-SantAndreu/60-Sant Andreu,08030,32,True,256,1000.0,True,,
257,"C/ SANT ADRIÀ, 2-8",ELECTRICBIKESTATION,41.433934,2.1896502,27.0,"C/ SANT ADRIÀ, 2-8",09-SantAndreu/60-Sant Andreu,08030,24,True,257,1000.0,True,,
258,"C/ FERNANDO PESSOA, 41",ELECTRICBIKESTATION,41.441986663902426,2.192957641716178,23.5,"C/ FERNANDO PESSOA, 41",09-SantAndreu/60-Sant Andreu,08030,27,True,258,1000.0,True,,
259,"C/ DE BARTRINA, 14",ELECTRICBIKESTATION,41.4391174,2.1858025,34.0,"C/ DE BARTRINA, 14",09-SantAndreu/60-Sant Andreu,08030,24,True,259,1000.0,True,,
260,"CARRER DEL CINCA, 7",ELECTRICBIKESTATION,41.4356895,2.1920873,22.0,"CARRER DEL CINCA, 7",09-SantAndreu/60-Sant Andreu,08030,27,True,260,1000.0,True,,
261,"C/ VILLARROEL, 39",ELECTRICBIKESTATION,41.3821314,2.1606534,17.0,"C/ VILLARROEL, 39",02-Eixample/10-Sant Antoni,08011,32,True,261,1000.0,True,,
262,"C/ ENTENÇA, 70",ELECTRICBIKESTATION,41.3790954665734,2.1516210083711993,21.0,"C/ ENTENÇA, 70",02-Eixample/09-la Nova Esquerra de l'Eixample,08015,24,True,262,1000.0,True,,
263,"PG. TORRAS I BAGES, 29",ELECTRICBIKESTATION,41.4378773,2.1910691,23.0,"PG. TORRAS I BAGES, 29",09-SantAndreu/60-Sant Andreu,08030,20,True,263,1000.0,True,,
264,"C/REPÚBLICA DOMINICANA, 25 (CENTRO COMERCIAL)",ELECTRICBIKESTATION,41.439929,2.1970692,20.0,"C/REPÚBLICA DOMINICANA, 25 (CENTRO COMERCIAL)",09-SantAndreu/59-el Bon Pastor,08030,32,True,264,1000.0,True,,
265,"C/ CASANOVA, 55",ELECTRICBIKESTATION,41.3847738,2.1592566,23.0,"C/ CASANOVA, 55",02-Eixample/08-l'Antiga Esquerra de l'Eixample,08011,27,True,265,1000.0,True,,
266,"C/ CONCEPCIÓ ARENAL, 176",ELECTRICBIKESTATION,41.4268952,2.1842572,37.0,"C/ CONCEPCIÓ ARENAL, 176",09-SantAndreu/61-la Sagrera,08027,26,True,266,1000.0,True,,
267,"PG. TORRAS I BAGES, 129",ELECTRICBIKESTATION,41.4433647,2.1906302,29.0,"PG. TORRAS I BAGES, 129",09-SantAndreu/60-Sant Andreu,08030,24,True,267,1000.0,True,,
268,"C/ FERNANDO PESSOA, 72",ELECTRICBIKESTATION,41.4457195,2.1929816,26.0,"C/ FERNANDO PESSOA, 72",09-SantAndreu/60-Sant Andreu,08030,27,True,268,1000.0,True,,
269,"VIA BARCINO, 121",ELECTRICBIKESTATION,41.448152,2.19294,26.0,"VIA BARCINO, 121",09-SantAndreu/57-la Trinitat Vella,08033,20,True,269,1000.0,True,,
270,"CRTA. DE RIBES, 77 (TRINITAT VELLA)",ELECTRICBIKESTATION,41.4486328,2.1898372,35.0,"270 - CRTA. DE RIBES, 77 (TRINITAT VELLA)",09-SantAndreu/57-la Trinitat Vella,08033,27,True,270,1000.0,True,,
271,"VIA BARCINO, 69",ELECTRICBIKESTATION,41.4519872,2.1935229,,"VIA BARCINO, 69",09-SantAndreu/57-la Trinitat Vella,08033,15,True,271,1000.0,True,,
272,"C/ CONCEPCIÓ ARENAL, 281",ELECTRICBIKESTATION,41.4325013,2.1842021,32.0,"C/ CONCEPCIÓ ARENAL, 281",09-SantAndreu/60-Sant Andreu,08033,27,True,272,1000.0,True,,
273,"AV. MERIDIANA, 404",ELECTRICBIKESTATION,41.4304126,2.1834174,38.0,"AV. MERIDIANA, 404",09-SantAndreu/60-Sant Andreu,08030,36,True,273,1000.0,True,,
274,"RAMBLA FABRA I PUIG, 67",ELECTRICBIKESTATION,41.4299201,2.1849813,33.0,"RAMBLA FABRA I PUIG, 67",09-SantAndreu/60-Sant Andreu,08030,32,True,274,1000.0,True,,
275,"AV. RIO DE JANEIRO, 3",ELECTRICBIKESTATION,41.43068,2.1821802,38.0,"AV. RIO DE JANEIRO, 3",08-NouBarris/45-Porta,08016,32,True,275,1000.0,True,,
276,PLAÇA ALFONS X EL SAVI / RONDA DEL GUIN,ELECTRICBIKESTATION,41.4121345,2.1652216,88.0,PLAÇA ALFONS X EL SAVI / RONDA DEL GUINARDO,07-Horta-Guinardó/33-el Baix Guinardó,08024,27,True,276,1000.0,True,,
277,"TRAVESSERA DE GRÀCIA, 328",ELECTRICBIKESTATION,41.4082107,2.1689962,60.0,"TRAVESSERA DE GRÀCIA, 328",07-Horta-Guinardó/33-el Baix Guinardó,08025,27,True,277,1000.0,True,,
278,"TRAVESSERA DE GRÀCIA, 368",ELECTRICBIKESTATION,41.4098842,2.1715285,59.0,"TRAVESSERA DE GRÀCIA, 368",07-Horta-Guinardó/33-el Baix Guinardó,08025,27,True,278,1000.0,True,,
279,"C/ MAS CASANOVAS, 137",ELECTRICBIKESTATION,41.4158995,2.1745567,75.0,"C/ MAS CASANOVAS, 137",07-Horta-Guinardó/35-el Guinardó,08041,27,True,279,1000.0,True,,
280,"C/ SANT ANTONI Mª CLARET, 290-296",ELECTRICBIKESTATION,41.4138664,2.1777274,49.0,"C/ SANT ANTONI Mª CLARET, 290-296",07-Horta-Guinardó/35-el Guinardó,08041,27,True,280,1000.0,True,,
281,"C/ D'ESCORNALBOU, 51",ELECTRICBIKESTATION,41.4180789,2.1763994,74.0,"C/ D'ESCORNALBOU, 51",07-Horta-Guinardó/35-el Guinardó,08041,24,True,281,1000.0,True,,
282,"PG. FONT D´EN- FARGAS, 1",ELECTRICBIKESTATION,41.4275514,2.1659881,75.0,"PG. FONT D´EN- FARGAS, 1",07-Horta-Guinardó/36-la Font d'en Fargues,08031,27,True,282,1000.0,True,,
283,"C/ FULTON, 1",ELECTRICBIKESTATION,41.4297231,2.1617032,76.0,"C/ FULTON, 1",07-Horta-Guinardó/43-Horta,08032,20,True,283,1000.0,True,,
284,"AV. DIAGONAL, 652",ELECTRICBIKESTATION,41.389462,2.1314948,63.0,"AV. DIAGONAL, 652",04-LesCorts/19-les Corts,08034,27,True,284,1000.0,True,,
285,"C/ MALATS, 98-100",ELECTRICBIKESTATION,41.4366708,2.186105,35.0,"C/ MALATS, 98-100",09-SantAndreu/60-Sant Andreu,08030,16,True,285,1000.0,True,,
286,"C/ BOLÍVIA, 76",ELECTRICBIKESTATION,41.4030225,2.1913538,7.0,"C/ BOLÍVIA, 76",10-SantMartí/66-el Parc i la Llacuna del Poblenou,08018,18,True,286,1000.0,True,,
287,"GRAN VIA DE LES CORTS CATALANES, 632",ELECTRICBIKESTATION,41.3890626,2.1679313,22.0,"GRAN VIA DE LES CORTS CATALANES, 632",02-Eixample/07-la Dreta de l'Eixample,08007,16,True,287,1000.0,True,,
288,PL. VIRREI AMAT,ELECTRICBIKESTATION,41.4296439,2.174444,55.0,PL. VIRREI AMAT,08-NouBarris/44-Vilapicina i la Torre Llobeta,08016,32,True,288,1000.0,True,,
289,"C/ MÚRCIA, 64",ELECTRICBIKESTATION,41.4166982,2.1909952,17.0,"C/ MÚRCIA, 64",09-SantAndreu/63-Navas,08027,27,True,289,1000.0,True,,
290,"PL. DELS JARDINS D'ALFÀBIA, 1",ELECTRICBIKESTATION,41.4373376,2.1740962,66.0,"PL. DELS JARDINS D'ALFÀBIA, 1",08-NouBarris/45-Porta,08016,17,True,290,1000.0,True,,
291,"C/ CUBELLES, 2",ELECTRICBIKESTATION,41.426078,2.1751572,57.0,"C/ CUBELLES, 2",08-NouBarris/44-Vilapicina i la Torre Llobeta,08031,27,True,291,1000.0,True,,
292,"C/ AMILCAR, 1",ELECTRICBIKESTATION,41.4300161,2.1720191,61.0,"C/ AMILCAR, 1",08-NouBarris/44-Vilapicina i la Torre Llobeta,08031,12,True,292,1000.0,True,,
293,"C/ GRANOLLERS, 1",ELECTRICBIKESTATION,41.4283127,2.1629889,78.0,"C/ GRANOLLERS, 1",07-Horta-Guinardó/43-Horta,08032,24,True,293,1000.0,True,,
294,SEU DEL DISTRICTE (NOU BARRIS),ELECTRICBIKESTATION,41.4363473,2.1706752,72.0,SEU DEL DISTRICTE (NOU BARRIS),08-NouBarris/48-la Guineueta,08042,24,True,294,1000.0,True,,
295,"C/ SANT ISCLE, 60",ELECTRICBIKESTATION,41.433384,2.1716309,61.0,"C/ SANT ISCLE, 60",08-NouBarris/46-el Turó de la Peira,08031,27,True,295,1000.0,True,,
296,"C/ DE ROSSELLÓ I PORCEL, 1 | AV. MERIDIANA",ELECTRICBIKESTATION,41.4364887,2.1841014,41.0,"C/ DE ROSSELLÓ I PORCEL, 1 | AV. MERIDIANA",08-NouBarris/45-Porta,08016,33,True,296,1000.0,True,,
297,"C/ TURÓ BLAU, 1-3",ELECTRICBIKESTATION,41.4388223,2.1767828,62.0,"C/ TURÓ BLAU, 1-3",08-NouBarris/52-la Prosperitat,08016,24,True,297,1000.0,True,,
298,"C/ ANDREU NIN, 22",ELECTRICBIKESTATION,41.4347233,2.1817718,41.0,"C/ ANDREU NIN, 22",08-NouBarris/45-Porta,08016,32,True,298,1000.0,True,,
299,"C/ DE L'ESCULTOR ORDÓÑEZ, 55",ELECTRICBIKESTATION,41.4340849,2.1748267,53.0,"C/ DE L'ESCULTOR ORDÓÑEZ, 55",08-NouBarris/45-Porta,08016,27,True,299,1000.0,True,,
300,"C/ DE MALADETA, 1",ELECTRICBIKESTATION,41.4315843,2.1769107,44.0,"C/ DE MALADETA, 1",08-NouBarris/45-Porta,08016,18,True,300,1000.0,True,,
301,"C/ MARIE CURIE, 8-14",ELECTRICBIKESTATION,41.4366871,2.1693134,73.0,"C/ MARIE CURIE, 8-14",08-NouBarris/48-la Guineueta,08042,27,True,301,1000.0,True,,
302,"SEIDOR-C/ CAVALLERS, 41",ELECTRICBIKESTATION,41.3906352,2.111541,111.0,"C/ CAVALLERS, 41",04-LesCorts/21-Pedralbes,08034,32,True,302,1000.0,True,,
303,"C/ CAVALLERS, 67",ELECTRICBIKESTATION,41.3934324,2.115107,101.0,"C/ CAVALLERS, 67",04-LesCorts/21-Pedralbes,08034,27,True,303,1000.0,True,,
304,"PG. MANUEL GIRONA, 7",ELECTRICBIKESTATION,41.39038,2.121,78.0,"PG. MANUEL GIRONA, 7",04-LesCorts/23-Sarrià,08034,27,True,304,1000.0,True,,
305,"AV. DIAGONAL, 680",ELECTRICBIKESTATION,41.3875297,2.1237141,65.0,"AV. DIAGONAL, 680",04-LesCorts/21-Pedralbes,08034,27,True,305,1000.0,True,,
306,"C/ DOCTOR SALVADOR CARDENAL, 1-5",ELECTRICBIKESTATION,41.3853868,2.122893,60.0,"C/ DOCTOR SALVADOR CARDENAL, 1-5",04-LesCorts/20-la Maternitat i Sant Ramon,08028,31,True,306,1000.0,True,,
307,C/ PINTOR RIBALTA | AV. XILE,ELECTRICBIKESTATION,41.3791986,2.1135824,60.0,C/ PINTOR RIBALTA | AV. XILE,04-LesCorts/20-la Maternitat i Sant Ramon,08028,32,True,307,1000.0,True,,
308,"C/ CARDENAL REIG, 11",ELECTRICBIKESTATION,41.37684,2.114029,54.0,"C/ CARDENAL REIG, 11",04-LesCorts/20-la Maternitat i Sant Ramon,08028,27,True,308,1000.0,True,,
309,"C/ SANT RAMON NONAT,  26",ELECTRICBIKESTATION,41.3770199,2.1169828,50.0,"C/ SANT RAMON NONAT,  26",04-LesCorts/20-la Maternitat i Sant Ramon,08028,22,True,309,1000.0,True,,
310,C/ JOSEP SAMITIER | AV. JOAN XXIII,ELECTRICBIKESTATION,41.3812111,2.1190863,46.0,C/ JOSEP SAMITIER | AV. JOAN XXIII,04-LesCorts/20-la Maternitat i Sant Ramon,08028,27,True,310,1000.0,True,,
311,"C/ GALLEGO, 2",ELECTRICBIKESTATION,41.3785631,2.1202487,43.0,"C/ GALLEGO, 2",04-LesCorts/20-la Maternitat i Sant Ramon,08028,23,True,311,1000.0,True,,
312,"C/ ARIZALA, 77",ELECTRICBIKESTATION,41.3789061,2.1233038,40.0,"C/ ARIZALA, 77",04-LesCorts/20-la Maternitat i Sant Ramon,08028,36,True,312,1000.0,True,,
313,"C/ FELIU DE CASANOVA, 1",ELECTRICBIKESTATION,41.3754188,2.1297823,28.0,"C/ FELIU DE CASANOVA, 1",03-Sants-Montjuïc/17-Sants - Badal,08028,28,True,313,1000.0,True,,
314,"RAMBLA DEL BRASIL, 44",ELECTRICBIKESTATION,41.3783067,2.1297303,35.0,"RAMBLA DEL BRASIL, 44",03-Sants-Montjuïc/18-Sants,08028,24,True,314,1000.0,True,,
315,"C/ DEL GUINARDÓ, 32-38",ELECTRICBIKESTATION,41.4156285,2.1817876,38.0,"C/ DEL GUINARDÓ, 32-38",10-SantMartí/64-el Camp de l'Arpa del Clot,08041,27,True,315,1000.0,True,,
316,"C/ CANTÀBRIA, 55",ELECTRICBIKESTATION,41.4224015,2.198071,9.0,"C/ CANTÀBRIA, 55",10-SantMartí/73-la Verneda i la Pau,08020,26,True,316,1000.0,True,,
317,"RAMBLA DE PRIM, 256",ELECTRICBIKESTATION,41.4256626,2.2008632,11.0,"RAMBLA DE PRIM, 256",10-SantMartí/73-la Verneda i la Pau,08020,27,True,317,1000.0,True,,
318,"C/ CASTILLEJOS, 388",ELECTRICBIKESTATION,41.412427,2.170592,77.0,"C/ CASTILLEJOS, 388",07-Horta-Guinardó/33-el Baix Guinardó,08025,32,True,318,1000.0,True,,
319,"C/ SAGUÉS, 1",ELECTRICBIKESTATION,41.3937414,2.1455022,51.0,"C/ SAGUÉS, 1",05-Sarrià-StGervasi/26-Sant Gervasi - Galvany,08021,31,True,319,1000.0,True,,
320,"C/ MADRAZO, 39",ELECTRICBIKESTATION,41.400305,2.149144,67.0,"C/ MADRAZO, 39",05-Sarrià-StGervasi/26-Sant Gervasi - Galvany,08006,27,True,320,1000.0,True,,
321,"C/ SANT HERMENEGILD, 30",ELECTRICBIKESTATION,41.4031529,2.1445843,79.0,"C/ SANT HERMENEGILD, 30",05-Sarrià-StGervasi/27-el Putxet i el Farró,08006,27,True,321,1000.0,True,,
322,"C/ SANTALÓ, 165",ELECTRICBIKESTATION,41.4009,2.13892,106.0,"C/ SANTALÓ, 165",05-Sarrià-StGervasi/26-Sant Gervasi - Galvany,08021,24,True,322,1000.0,True,,
323,"C/ VALLMAJOR, 13",ELECTRICBIKESTATION,41.3981616,2.1386719,88.0,"C/ VALLMAJOR, 13",05-Sarrià-StGervasi/26-Sant Gervasi - Galvany,08021,27,True,323,1000.0,True,,
324,"C/ REINA VICTORIA, 31",ELECTRICBIKESTATION,41.3969455,2.136346,80.0,"C/ REINA VICTORIA, 31",05-Sarrià-StGervasi/26-Sant Gervasi - Galvany,08021,27,True,324,1000.0,True,,
325,"C/ ALT DE GIRONELLA, 13",ELECTRICBIKESTATION,41.3949601,2.1302775,82.0,"C/ ALT DE GIRONELLA, 13",05-Sarrià-StGervasi/24-les Tres Torres,08017,23,True,325,1000.0,True,,
326,"C/ BALMES, 409",ELECTRICBIKESTATION,41.4074131,2.1381069,111.0,"C/ BALMES, 409",05-Sarrià-StGervasi/25-Sant Gervasi - la Bonanova,08022,32,True,326,1000.0,True,,
327,"C/ REUS, 23",ELECTRICBIKESTATION,41.4050074,2.134603,114.0,"C/ REUS, 23",05-Sarrià-StGervasi/25-Sant Gervasi - la Bonanova,08022,24,True,327,1000.0,True,,
328,"C/ ARTESA DE SEGRE, 2",ELECTRICBIKESTATION,41.402988,2.1344691,106.0,"C/ ARTESA DE SEGRE, 2",05-Sarrià-StGervasi/25-Sant Gervasi - la Bonanova,08022,27,True,328,1000.0,True,,
329,"C/ DE LES ESCOLES PIES, 99",ELECTRICBIKESTATION,41.4029965,2.1283866,121.0,"C/ DE LES ESCOLES PIES, 99",05-Sarrià-StGervasi/24-les Tres Torres,08017,27,True,329,1000.0,True,,
330,"C/ PAU ALCOVER, 94",ELECTRICBIKESTATION,41.401883,2.131524,108.0,"C/ PAU ALCOVER, 94",05-Sarrià-StGervasi/24-les Tres Torres,08017,27,True,330,1000.0,True,,
331,"C/ CASTELLNOU, 65",ELECTRICBIKESTATION,41.3970497,2.1279409,95.0,"C/ CASTELLNOU, 65",05-Sarrià-StGervasi/24-les Tres Torres,08017,31,True,331,1000.0,True,,
332,"C/ DOCTOR ROUX, 86",ELECTRICBIKESTATION,41.3998981,2.1281922,104.0,"C/ DOCTOR ROUX, 86",05-Sarrià-StGervasi/24-les Tres Torres,08017,27,True,332,1000.0,True,,
333,"PASSATGE DE SENILLOSA, 3-5",ELECTRICBIKESTATION,41.3954723,2.1250451,94.0,"PASSATGE DE SENILLOSA, 3-5",05-Sarrià-StGervasi/23-Sarrià,08034,27,True,333,1000.0,True,,
334,"PG. BONANOVA, 100",ELECTRICBIKESTATION,41.400793,2.122889,117.0,"PG. BONANOVA, 100",05-Sarrià-StGervasi/24-les Tres Torres,08017,26,True,334,1000.0,True,,
335,"C/ SANTA AMÈLIA, 2",ELECTRICBIKESTATION,41.3935355,2.1231228,92.0,"C/ SANTA AMÈLIA, 2",05-Sarrià-StGervasi/23-Sarrià,08034,27,True,335,1000.0,True,,
336,"AV. JOSEP VICENÇ FOIX, 52",ELECTRICBIKESTATION,41.3948771,2.1205394,96.0,"AV. JOSEP VICENÇ FOIX, 52",05-Sarrià-StGervasi/23-Sarrià,08034,23,True,336,1000.0,True,,
337,"C/ CARME KARR, 12-14",ELECTRICBIKESTATION,41.3986238,2.1204941,117.0,"C/ CARME KARR, 12-14",05-Sarrià-StGervasi/23-Sarrià,08034,23,True,337,1000.0,True,,
338,"AV. JOSEP VICENÇ FOIX, 63",ELECTRICBIKESTATION,41.3977227,2.1194557,111.0,"AV. JOSEP VICENÇ FOIX, 63",05-Sarrià-StGervasi/23-Sarrià,08034,35,True,338,1000.0,True,,
339,"C/ RAMON TURRÓ, 246",ELECTRICBIKESTATION,41.4017084,2.2053803,2.0,"C/ RAMON TURRÓ, 246",10-SantMartí/68-el Poblenou,08005,27,True,339,1000.0,True,,
340,"C/ SANT ADRIÀ, 113",ELECTRICBIKESTATION,41.4361782,2.2047037,13.0,"C/ SANT ADRIÀ, 113",09-SantAndreu/59-el Bon Pastor,08030,24,True,340,1000.0,True,,
341,"PG. D'ENRIC SANCHIS, 33",ELECTRICBIKESTATION,41.4339212,2.2062245,11.0,"PG. D'ENRIC SANCHIS, 33",09-SantAndreu/59-el Bon Pastor,08030,27,True,341,1000.0,True,,
342,"C/ ROC BORONAT, 134",ELECTRICBIKESTATION,41.4034967,2.1936584,5.0,"C/ ROC BORONAT, 134",10-SantMartí/66-el Parc i la Llacuna del Poblenou,08018,31,True,342,1000.0,True,,
343,CAMPANA DE LA MAQUINISTA (SAO PAULO I P,ELECTRICBIKESTATION,41.4389609,2.1996179,14.0,CAMPANA DE LA MAQUINISTA (SAO PAULO I PL. DE,09-SantAndreu/59-el Bon Pastor,08030,27,True,343,1000.0,True,,
344,"C/ CIUTAT D'ASUNCIÓN, 73 / POTOSÍ",ELECTRICBIKESTATION,41.4431441,2.1996045,16.0,"C/ CIUTAT D'ASUNCIÓN, 73 / POTOSÍ",09-SantAndreu/58-Baró de Viver,08030,27,True,344,1000.0,True,,
345,PL. TERESA DE CLARAMUNT/C/ DELS FERROCA,ELECTRICBIKESTATION,41.3631066,2.1398322,10.0,PL. TERESA DE CLARAMUNT/C/ DELS FERROCARILS,03-Sants-Montjuïc/13-la Marina de Port,08038,32,True,345,1000.0,True,,
346,"PG. ZONA FRANCA, 182",ELECTRICBIKESTATION,41.360798,2.138931,8.0,"PG. ZONA FRANCA, 182",03-Sants-Montjuïc/13-la Marina de Port,08038,35,True,346,1000.0,True,,
347,"C/ ALTS FORNS, 77",ELECTRICBIKESTATION,41.3595484,2.1417765,9.0,"C/ ALTS FORNS, 77",03-Sants-Montjuïc/13-la Marina de Port,08038,32,True,347,1000.0,True,,
348,JARDINS DE CAN FERRERO/PG.DE LA ZONA FR,ELECTRICBIKESTATION,41.357067,2.141563,7.0,JARDINS DE CAN FERRERO/PG.DE LA ZONA FRANCA,03-Sants-Montjuïc/13-la Marina de Port,08038,33,True,348,1000.0,True,,
349,"C/ DE L'ENERGIA, 2 / ALTS FORNS",ELECTRICBIKESTATION,41.3573288,2.1371996,7.0,"C/ DE L'ENERGIA, 2 / ALTS FORNS",03-Sants-Montjuïc/13-la Marina de Port,08038,32,True,349,1000.0,True,,
350,"C/ LONDRES, 63",ELECTRICBIKESTATION,41.391756,2.148291,,"C/ LONDRES, 63",02-Eixample/08-l'Antiga Esquerra de l'Eixample,08036,31,True,350,1000.0,True,,
351,"C/ JANE ADDAMS, 26/ CRTA. DEL PRAT",ELECTRICBIKESTATION,41.3621232,2.1356187,9.0,"C/ JANE ADDAMS, 26/ CRTA. DEL PRAT",03-Sants-Montjuïc/13-la Marina de Port,08038,33,True,351,1000.0,True,,
352,"C/RADI,10/GRAN VIA DE LES CORTS CATALA",ELECTRICBIKESTATION,41.363279,2.1341586,9.0,"C/RADI,10/GRAN VIA DE LES CORTS CATALANES",03-Sants-Montjuïc/13-la Marina de Port,08038,28,True,352,1000.0,True,,
353,C/ MUNNÉ  2-6,ELECTRICBIKESTATION,41.37541,2.1232547,34.0,C/ MUNNÉ  2-6,03-Sants-Montjuïc/17-Sants - Badal,08028,31,True,353,1000.0,True,,
354,"RAMBLA DEL BRASIL, 5",ELECTRICBIKESTATION,41.3759419,2.1299539,28.0,"RAMBLA DEL BRASIL, 5",03-Sants-Montjuïc/17-Sants - Badal,08028,26,True,354,1000.0,True,,
355,"C/ RIERA BLANCA, 123",ELECTRICBIKESTATION,41.371459,2.127854,22.0,"C/ RIERA BLANCA, 123",03-Sants-Montjuïc/17-Sants - Badal,08028,27,True,355,1000.0,True,,
356,"C/ CAMÈLIES, 73",ELECTRICBIKESTATION,41.4134503,2.1631012,106.0,"C/ CAMÈLIES, 73",07-Horta-Guinardó/33-el Baix Guinardó,08024,35,True,356,1000.0,True,,
357,"C/ CARDENER, 59",ELECTRICBIKESTATION,41.4105956,2.1579897,87.0,"C/ CARDENER, 59",06-Gràcia/31-la Vila de Gràcia,08024,27,True,357,1000.0,True,,
358,"C/ GOMBAU, 24",ELECTRICBIKESTATION,41.3872437,2.1793035,5.0,"C/ GOMBAU, 24","01-CiutatVella/04-Sant Pere, Santa Caterina i la Ribera",08003,26,True,358,1000.0,True,,
359,"C/ MÉNDEZ NÚÑEZ, 16",ELECTRICBIKESTATION,41.3900544,2.1775594,12.0,"C/ MÉNDEZ NÚÑEZ, 16","01-CiutatVella/04-Sant Pere, Santa Caterina i la Ribera",08003,26,True,359,1000.0,True,,
360,"C/ BAILÉN, 62",ELECTRICBIKESTATION,41.3952527,2.1730023,22.0,"C/ BAILÉN, 62",02-Eixample/07-la Dreta de l'Eixample,08009,30,True,360,1000.0,True,,
361,PG. DE COLOM (LES RAMBLES),ELECTRICBIKESTATION,41.37652,2.17881,5.0,PG. DE COLOM (LES RAMBLES),01-CiutatVella/02-el Barri Gòtic,08039,32,True,361,1000.0,True,,
362,"C/ BAILÉN, 100",ELECTRICBIKESTATION,41.396994,2.1706323,27.0,"C/ BAILÉN, 100",02-Eixample/07-la Dreta de l'Eixample,08009,32,True,362,1000.0,True,,
363,"C/ BRUC, 20",ELECTRICBIKESTATION,41.3908381,2.1743743,16.0,"C/ BRUC, 20",02-Eixample/07-la Dreta de l'Eixample,08010,24,True,363,1000.0,True,,
364,"PG. DE GRÀCIA, 61",ELECTRICBIKESTATION,41.393062,2.1633226,32.0,"PG. DE GRÀCIA, 61",02-Eixample/07-la Dreta de l'Eixample,08007,33,True,364,1000.0,True,,
365,"C/ VILADOMAT, 244",ELECTRICBIKESTATION,41.3875712,2.1469336,39.0,"C/ VILADOMAT, 244",02-Eixample/09-la Nova Esquerra de l'Eixample,08029,31,True,365,1000.0,True,,
366,"LA RAMBLA, 75",ELECTRICBIKESTATION,41.3811389,2.1729755,8.0,"LA RAMBLA, 75",01-CiutatVella/01-el Raval,08001,18,True,366,1000.0,True,,
367,"C/ MARQUÈS DE SENTMENAT, 46",ELECTRICBIKESTATION,41.384972,2.1376205,44.0,"C/ MARQUÈS DE SENTMENAT, 46",04-LesCorts/19-les Corts,08029,32,True,367,1000.0,True,,
368,"C/ DIPUTACIÓ, 373",ELECTRICBIKESTATION,41.3968391,2.1756598,21.0,"C/ DIPUTACIÓ, 373",02-Eixample/07-la Dreta de l'Eixample,08013,27,True,368,1000.0,True,,
369,"C/ CONSELL DE CENT, 482",ELECTRICBIKESTATION,41.40013,2.1780175,23.0,"C/ CONSELL DE CENT, 482",02-Eixample/05-el Fort Pienc,08013,27,True,369,1000.0,True,,
370,"C/ SARDENYA, 326",ELECTRICBIKESTATION,41.4039698,2.1729061,37.0,"C/ SARDENYA, 326",02-Eixample/06-la Sagrada Família,08025,32,True,370,1000.0,True,,
371,"C/ DELS ENAMORATS, 49",ELECTRICBIKESTATION,41.4040525,2.181199,19.0,"C/ DELS ENAMORATS, 49",02-Eixample/06-la Sagrada Família,08013,36,True,371,1000.0,True,,
372,"C/ RIBES, 77",ELECTRICBIKESTATION,41.4001015,2.1841711,9.0,"C/ RIBES, 77",02-Eixample/05-el Fort Pienc,08013,27,True,372,1000.0,True,,
373,"AV. PARAL.LEL, 132",ELECTRICBIKESTATION,41.3750995,2.1613897,13.0,"AV. PARAL.LEL, 132",02-Eixample/10-Sant Antoni,08015,30,True,373,1000.0,True,,
374,"PG. DE GRÀCIA, 89",ELECTRICBIKESTATION,41.3949729,2.1612814,37.0,"PG. DE GRÀCIA, 89",02-Eixample/07-la Dreta de l'Eixample,08008,32,True,374,1000.0,True,,
375,WORLD TRADE CENTER,ELECTRICBIKESTATION,41.3720293,2.1804468,3.0,WORLD TRADE CENTER,01-CiutatVella/01-el Raval,08039,39,True,375,1000.0,True,,
376,WORLD  TRADE CENTER,ELECTRICBIKESTATION,41.3718728,2.180302,3.0,WORLD  TRADE CENTER,01-CiutatVella/01-el Raval,08039,39,True,376,1000.0,True,,
377,PL. ICTÍNEO,ELECTRICBIKESTATION,41.3776292,2.1836886,2.0,PL. ICTÍNEO,01-CiutatVella/02-el Barri Gòtic,08039,29,True,377,1000.0,True,,
378,"PL. JOAQUIM XIRAU I PALAU, 1",ELECTRICBIKESTATION,41.3785379,2.1767427,5.0,"PL. JOAQUIM XIRAU I PALAU, 1",01-CiutatVella/02-el Barri Gòtic,08002,21,True,378,1000.0,True,,
379,"AV. JOSEP TARRADELLAS, 27",ELECTRICBIKESTATION,41.3829333,2.1420704,35.0,"AV. JOSEP TARRADELLAS, 27",03-Sants-Montjuïc/18-Sants,08029,21,True,379,1000.0,True,,
380,"C/ DURAN I BAS, 2",ELECTRICBIKESTATION,41.3854094,2.1740155,11.0,"C/ DURAN I BAS, 2",01-CiutatVella/02-el Barri Gòtic,08002,24,True,380,1000.0,True,,
381,"C/ AGUSTÍ DURAN I SANPERE, 10",ELECTRICBIKESTATION,41.381635534627016,2.1677294668647606,,"C/ AGUSTÍ DURAN I SANPERE, 10",01-CiutatVella/01-el Raval,8001,40,True,381,1000.0,True,,
382,"C/ LOPE DE VEGA, 79",ELECTRICBIKESTATION,41.4038902,2.2041137,3.0,"C/ LOPE DE VEGA, 79",10-SantMartí/68-el Poblenou,08005,27,True,382,1000.0,True,,
383,"C/ NUMÀNCIA, 2",ELECTRICBIKESTATION,41.381219,2.141767,32.0,"C/ NUMÀNCIA, 2",03-Sants-Montjuïc/18-Sants,08029,24,True,383,1000.0,True,,
384,"C/ VILAMARÍ, 85",ELECTRICBIKESTATION,41.3807072,2.1468381,28.0,"C/ VILAMARÍ, 85",02-Eixample/09-la Nova Esquerra de l'Eixample,08015,25,True,384,1000.0,True,,
385,"C/ CASANOVA, 119",ELECTRICBIKESTATION,41.387888,2.1552902,30.0,"C/ CASANOVA, 119",02-Eixample/08-l'Antiga Esquerra de l'Eixample,08036,30,True,385,1000.0,True,,
386,AV. PARAL.LEL 164,ELECTRICBIKESTATION,41.3751866,2.1568773,17.0,AV. PARAL.LEL 164,02-Eixample/10-Sant Antoni,08015,18,True,386,1000.0,True,,
387,"C/ NÀPOLS, 125",ELECTRICBIKESTATION,41.3957813,2.1787074,15.0,"C/ NÀPOLS, 125",02-Eixample/05-el Fort Pienc,08013,32,True,387,1000.0,True,,
388,"C/ RIERA ALTA, 6",ELECTRICBIKESTATION,41.3806411,2.1671611,10.0,"C/ RIERA ALTA, 6",01-CiutatVella/01-el Raval,08001,36,True,388,1000.0,True,,
389,RECINTE PARC DE LA CIUTADELLA,ELECTRICBIKESTATION,41.3873901,2.1875446,4.0,RECINTE PARC DE LA CIUTADELLA,"01-CiutatVella/04-Sant Pere, Santa Caterina i la Ribera",08003,27,True,389,1000.0,True,,
390,"C/ COMERÇ, 36",ELECTRICBIKESTATION,41.3869612,2.1820169,5.0,"C/ COMERÇ, 36","01-CiutatVella/04-Sant Pere, Santa Caterina i la Ribera",08003,25,True,390,1000.0,True,,
391,"C/ GRAN DE LA SAGRERA, 74",ELECTRICBIKESTATION,41.4230551,2.1913753,22.0,"C/ GRAN DE LA SAGRERA, 74",09-SantAndreu/61-la Sagrera,08027,27,True,391,1000.0,True,,
392,"C/ RAMON TURRÓ, 4",ELECTRICBIKESTATION,41.3905303,2.1906339,5.0,"C/ RAMON TURRÓ, 4",10-SantMartí/67-la Vila Olímpica del Poblenou,08005,19,True,392,1000.0,True,,
393,"C/ LLACUNA, 86",ELECTRICBIKESTATION,41.4022657,2.1976297,3.0,"C/ LLACUNA, 86",10-SantMartí/68-el Poblenou,08005,32,True,393,1000.0,True,,
394,"C/ DIPUTACIÓ, 226",ELECTRICBIKESTATION,41.3873057,2.1631263,25.0,"C/ DIPUTACIÓ, 226",02-Eixample/08-l'Antiga Esquerra de l'Eixample,08007,27,True,394,1000.0,True,,
395,"PL. CATALUNYA, 22",ELECTRICBIKESTATION,41.3860607,2.1702467,15.0,"PL. CATALUNYA, 22",02-Eixample/02-el Barri Gòtic,08002,33,True,395,1000.0,True,,
396,"C/ JOAN MIRÓ, 2-12",ELECTRICBIKESTATION,41.3890253,2.1968267,5.0,"C/ JOAN MIRÓ, 2-12",10-SantMartí/67-la Vila Olímpica del Poblenou,08005,32,True,396,1000.0,True,,
397,AV. LITORAL (PG MARÍTIM DEL PORT OLÍMPI,ELECTRICBIKESTATION,41.3889129,2.1993105,6.0,AV. LITORAL (PG MARÍTIM DEL PORT OLÍMPIC),10-SantMartí/67-la Vila Olímpica del Poblenou,08005,27,True,397,1000.0,True,,
398,PG. MARÍTIM DE LA BARCELONETA/ANDREA DÒ,ELECTRICBIKESTATION,41.380955,2.1934636,4.0,PG. MARÍTIM DE LA BARCELONETA/ANDREA DÒRIA,01-CiutatVella/03-la Barceloneta,08003,35,True,398,1000.0,True,,
399,"C/ PAVIA, 3",ELECTRICBIKESTATION,41.3734706,2.1332694,23.0,"C/ PAVIA, 3",03-Sants-Montjuïc/18-Sants,08028,27,True,399,1000.0,True,,
400,MOLL ORIENTAL,ELECTRICBIKESTATION,41.3694508,2.1879597,3.0,MOLL ORIENTAL,01-CiutatVella/03-la Barceloneta,08039,44,True,400,1000.0,True,,
401,PLA DE PALAU,ELECTRICBIKESTATION,41.382418,2.183723,4.0,PLA DE PALAU,01-CiutatVella/02-el Barri Gòtic,08002,24,True,401,1000.0,True,,
402,PG. DE COLOM (VIA LAIETANA),ELECTRICBIKESTATION,41.380628,2.1821917,4.0,PG. DE COLOM (VIA LAIETANA),01-CiutatVella/02-el Barri Gòtic,08002,31,True,402,1000.0,True,,
403,"C/ VALLESPIR, 49",ELECTRICBIKESTATION,41.3796421,2.1368202,32.0,"C/ VALLESPIR, 49",03-Sants-Montjuïc/18-Sants,08014,22,True,403,1000.0,True,,
404,"C/ JUAN GRIS, 28",ELECTRICBIKESTATION,41.3653426,2.1331357,11.0,"C/ JUAN GRIS, 28",03-Sants-Montjuïc/16-la Bordeta,08014,32,True,404,1000.0,True,,
405,"C/ COMTE BORRELL, 198",ELECTRICBIKESTATION,41.3854003,2.1521802,28.0,"C/ COMTE BORRELL, 198",02-Eixample/09-la Nova Esquerra de l'Eixample,08029,26,True,405,1000.0,True,,
406,"GRAN VIA DE LES CORTS CATALANES, 592",ELECTRICBIKESTATION,41.3863747,2.1646697,21.0,"GRAN VIA DE LES CORTS CATALANES, 592",02-Eixample/07-la Dreta de l'Eixample,08007,33,True,406,1000.0,True,,
408,"C/ RAMON TRIAS FARGAS, 23",ELECTRICBIKESTATION,41.3889972,2.1923283,5.0,"C/ RAMON TRIAS FARGAS, 23",10-SantMartí/67-la Vila Olímpica del Poblenou,08005,39,True,408,1000.0,True,,
409,"C/ JOAN D'ÀUSTRIA, 31B",ELECTRICBIKESTATION,41.392384,2.1925059,5.0,"C/ JOAN D'ÀUSTRIA, 31B",10-SantMartí/67-la Vila Olímpica del Poblenou,08005,27,True,409,1000.0,True,,
410,PG.DE COLOM (LES RAMBLES),ELECTRICBIKESTATION,41.376433,2.17871,5.0,PG.DE COLOM (LES RAMBLES),01-CiutatVella/02-el Barri Gòtic,08039,38,True,410,1000.0,True,,
411,"C/ JOSEP PLA, 67",ELECTRICBIKESTATION,41.411381,2.2122054,4.0,"C/ JOSEP PLA, 67",10-SantMartí/69-Diagonal Mar i el Front Marítim del Poblenou,08019,24,True,411,1000.0,True,,
412,"PL. URQUINAONA, 3",ELECTRICBIKESTATION,41.3893094,2.1727457,17.0,"PL. URQUINAONA, 3",02-Eixample/07-la Dreta de l'Eixample,08010,27,True,412,1000.0,True,,
413,"C/ BRUC, 66",ELECTRICBIKESTATION,41.393489,2.1707419,24.0,"C/ BRUC, 66",02-Eixample/07-la Dreta de l'Eixample,08009,32,True,413,1000.0,True,,
414,"C/ CASP, 67",ELECTRICBIKESTATION,41.3937234,2.1764275,16.0,"C/ CASP, 67",02-Eixample/07-la Dreta de l'Eixample,08010,33,True,414,1000.0,True,,
415,"RAMBLA DEL RAVAL, 13",ELECTRICBIKESTATION,41.3793558,2.1689592,8.0,"RAMBLA DEL RAVAL, 13",01-CiutatVella/01-el Raval,08001,25,True,415,1000.0,True,,
416,"RAMBLA DEL RAVAL, 20",ELECTRICBIKESTATION,41.3781065,2.1696744,6.0,"RAMBLA DEL RAVAL, 20",01-CiutatVella/01-el Raval,08001,27,True,416,1000.0,True,,
417,"C/ VILLAR, 2",ELECTRICBIKESTATION,41.4164824,2.1801094,46.0,"C/ VILLAR, 2",07-Horta-Guinardó/35-el Guinardó,08041,32,True,417,1000.0,True,,
418,PG. DE LLUíS COMPANYS (ARC DE TRIOMF),ELECTRICBIKESTATION,41.391062,2.1801142,10.0,PG. DE LLUíS COMPANYS (ARC DE TRIOMF),"01-CiutatVella/04-Sant Pere, Santa Caterina i la Ribera",08018,27,True,418,1000.0,True,,
419,PG. DE LLUIS COMPANYS (ARC DE TRIOMF ),ELECTRICBIKESTATION,41.391313,2.1808391,10.0,PG. DE LLUIS COMPANYS (ARC DE TRIOMF),"01-CiutatVella/04-Sant Pere, Santa Caterina i la Ribera",08018,33,True,419,1000.0,True,,
420,"GRAN VIA DE LES CORTS CATALANES, 368",ELECTRICBIKESTATION,41.3743329,2.1479385,24.0,"GRAN VIA DE LES CORTS CATALANES, 368",03-Sants-Montjuïc/11-el Poble-sec,08010,27,True,420,1000.0,True,,
421,"C/ VALLESPIR, 13",ELECTRICBIKESTATION,41.378118,2.1378667,30.0,"C/ VALLESPIR, 13",03-Sants-Montjuïc/18-Sants,08014,25,True,421,1000.0,True,,
422,"C/ JORDI GIRONA, 29",ELECTRICBIKESTATION,41.3881175,2.1154135,82.0,"C/ JORDI GIRONA, 29",04-LesCorts/21-Pedralbes,08034,28,True,422,1000.0,True,,
423,"C/ HONDURAS, 32-34",ELECTRICBIKESTATION,41.4202459,2.1894852,22.0,"C/ HONDURAS, 32-34",09-SantAndreu/61-la Sagrera,08027,32,True,423,1000.0,True,,
424,PG. MARÍTIM DE LA BARCELONETA,ELECTRICBIKESTATION,41.3795862,2.1925198,7.0,PG. MARÍTIM DE LA BARCELONETA,01-CiutatVella/03-la Barceloneta,08003,27,True,424,1000.0,True,,
425,"C/ DE CERVELLÓ, 5",ELECTRICBIKESTATION,41.3765618,2.1748621,5.0,"C/ DE CERVELLÓ, 5",01-CiutatVella/01-el Raval,08001,24,True,425,1000.0,True,,
426,"C/ DE RIBES, 59 B",ELECTRICBIKESTATION,41.39828,2.1830315,12.0,"C/ DE RIBES, 59 B",02-Eixample/05-el Fort Pienc,08013,33,True,426,1000.0,True,,
427,"C/ DE SANT PAU, 119/ RONDA SANT PAU",ELECTRICBIKESTATION,41.3754047,2.1680021,9.0,"C/ DE SANT PAU, 119/ RONDA SANT PAU",01-CiutatVella/01-el Raval,08001,26,True,427,1000.0,True,,
428,"C/ PUJADES, 103",ELECTRICBIKESTATION,41.3983902,2.1960799,3.0,"C/ PUJADES, 103",10-SantMartí/68-el Poblenou,08005,33,True,428,1000.0,True,,
429,"C/ GRAN CAPITÀ, 9",ELECTRICBIKESTATION,41.3881262,2.1091535,105.0,"C/ GRAN CAPITÀ, 9",04-LesCorts/21-Pedralbes,08034,28,True,429,1000.0,True,,
430," C/ ALFAMBRA, 2 | AV. DIAGONAL",ELECTRICBIKESTATION,41.385641,2.113096,77.0,"C/ ALFAMBRA, 2 | AV. DIAGONAL",04-LesCorts/21-Pedralbes,08034,28,True,430,1000.0,True,,
431,"AV. JOAN XXIII, 17",ELECTRICBIKESTATION,41.383467,2.122175,53.0,"AV. JOAN XXIII, 17",04-LesCorts/20-la Maternitat i Sant Ramon,08028,20,True,431,1000.0,True,,
432,"C/ MARTÍ I FRANQUÈS, 1",ELECTRICBIKESTATION,41.3847061,2.1170751,63.0,"C/ MARTÍ I FRANQUÈS, 1",04-LesCorts/20-la Maternitat i Sant Ramon,08028,28,True,432,1000.0,True,,
433,"C/ J. MAYNARD KEYNES, 2|AV. DGNAL.",ELECTRICBIKESTATION,41.3862258,2.1168609,70.0,"C/ J. MAYNARD KEYNES, 2|AV. DGNAL.",04-LesCorts/21-Pedralbes,08034,42,True,433,1000.0,True,,
434,"C/ ROGER, 24",ELECTRICBIKESTATION,41.3767538,2.1269152,34.0,"C/ ROGER, 24",03-Sants-Montjuïc/17-Sants - Badal,08028,27,True,434,1000.0,True,,
435,"AV. DOCTOR MARAÑON, 25 | C/ PAU GARGALLO",ELECTRICBIKESTATION,41.383585,2.112186,64.0,"AV. DOCTOR MARAÑON, 25 | C/ PAU GARGALLO",04-LesCorts/20-la Maternitat i Sant Ramon,08028,28,True,435,1000.0,True,,
436,"PG. ZONA FRANCA, 54",ELECTRICBIKESTATION,41.3545425,2.1433038,6.0,"PG. ZONA FRANCA, 54",03-Sants-Montjuïc/12-la Marina del Prat Vermell,08038,19,True,436,1000.0,True,,
437,"PG. ZONA FRANCA, 9",ELECTRICBIKESTATION,41.3513237,2.1450958,5.0,"PG. ZONA FRANCA, 9",03-Sants-Montjuïc/12-la Marina del Prat Vermell,08038,36,True,437,1000.0,True,,
438,"C/ NÀPOLS, 183",ELECTRICBIKESTATION,41.3981669,2.1754896,22.0,"C/ NÀPOLS, 183",02-Eixample/07-la Dreta de l'Eixample,08013,27,True,438,1000.0,True,,
439,"RBLA. BADAL, 73 | C/ CONSTITUCIÓ",ELECTRICBIKESTATION,41.3685394,2.1328403,14.0,"RBLA. BADAL, 73 | C/ CONSTITUCIÓ",03-Sants-Montjuïc/16-la Bordeta,08014,17,True,439,1000.0,True,,
440,"C/ SELVA DE MAR, 230",ELECTRICBIKESTATION,41.417694,2.1976864,9.0,"C/ SELVA DE MAR, 230",10-SantMartí/72-Sant Martí de Provençals,08020,27,True,440,1000.0,True,,
441,"C/ WATT, 2",ELECTRICBIKESTATION,41.3754426,2.1398409,25.0,"C/ WATT, 2",03-Sants-Montjuïc/18-Sants,08014,18,True,441,1000.0,True,,
442,"C/ MINERIA, 30",ELECTRICBIKESTATION,41.3649272,2.138599,11.0,"C/ MINERIA, 30",03-Sants-Montjuïc/13-la Marina de Port,08038,18,True,442,1000.0,True,,
443,"C/ CASANOVA, 139",ELECTRICBIKESTATION,41.3887127,2.1542277,33.0,"C/ CASANOVA, 139",02-Eixample/08-l'Antiga Esquerra de l'Eixample,08036,32,True,443,1000.0,True,,
444,"C/ LLEIDA, 40",ELECTRICBIKESTATION,41.3717304,2.1554047,33.0,"C/ LLEIDA, 40",03-Sants-Montjuïc/11-el Poble-sec,08004,27,True,444,1000.0,True,,
445,"C/ VILAMARÍ, 2",ELECTRICBIKESTATION,41.3755016,2.154004,21.0,"C/ VILAMARÍ, 2",02-Eixample/10-Sant Antoni,08015,24,True,445,1000.0,True,,
446,"PG. JOAN DE BORBÓ, 42",ELECTRICBIKESTATION,41.3779974,2.1884228,4.0,"PG. JOAN DE BORBÓ, 42",01-CiutatVella/03-la Barceloneta,08003,14,True,446,1000.0,True,,
447,"C/ ALMOGÀVERS, 63",ELECTRICBIKESTATION,41.3943033,2.1860256,10.0,"C/ ALMOGÀVERS, 63",02-Eixample/05-el Fort Pienc,08018,27,True,447,1000.0,True,,
448,"C/ RAMÓN TURRÓ, 160",ELECTRICBIKESTATION,41.3972809,2.1997869,3.0,"C/ RAMÓN TURRÓ, 160",10-SantMartí/68-el Poblenou,08005,27,True,448,1000.0,True,,
449,"C/ BOLIVIA, 120",ELECTRICBIKESTATION,41.4058109,2.1949461,5.0,"C/ BOLIVIA, 120",10-SantMartí/71-Provençals del Poblenou,08018,27,True,449,1000.0,True,,
450,"C/ CRISTOBAL DE MOURA, 84",ELECTRICBIKESTATION,41.410712,2.2061691,3.0,"C/ CRISTOBAL DE MOURA, 84",10-SantMartí/71-Provençals del Poblenou,08019,27,True,450,1000.0,True,,
451,"C/ PALLARS, 504",ELECTRICBIKESTATION,41.4140598,2.2150487,4.0,"C/ PALLARS, 504",10-SantMartí/70-el Besòs i el Maresme,08019,24,True,451,1000.0,True,,
452,"GRAN VIA DE LES CORTS CATALANES, 1157 (D)",ELECTRICBIKESTATION,41.4194972,2.20934,8.0,"GRAN VIA DE LES CORTS CATALANES, 1157 (D)",10-SantMartí/73-la Verneda i la Pau,08020,54,True,452,1000.0,True,,
454,"C/ SARDENYA, 402",ELECTRICBIKESTATION,41.4072349,2.1684799,56.0,"C/ SARDENYA, 402",07-Horta-Guinardó/33-el Baix Guinardó,08025,27,True,454,1000.0,True,,
455,"C/ PROVENÇA, 595",ELECTRICBIKESTATION,41.4105848,2.1826833,27.0,"C/ PROVENÇA, 595",10-SantMartí/64-el Camp de l'Arpa del Clot,08026,22,True,455,1000.0,True,,
456,"C/ MÚRCIA, 1",ELECTRICBIKESTATION,41.4143392,2.1874539,22.0,"C/ MÚRCIA, 1",10-SantMartí/65-el Clot,08026,21,True,456,1000.0,True,,
457,"C/ GRANADELLA, 10-19 | C/ SAS",ELECTRICBIKESTATION,41.4383117,2.2039823,12.0,"C/ GRANADELLA, 10-19 | C/ SAS",09-SantAndreu/59-el Bon Pastor,08030,18,True,457,1000.0,True,,
458,"C/ TUCUMÁN, 21",ELECTRICBIKESTATION,41.4457962,2.2010422,17.0,"C/ TUCUMÁN, 21",09-SantAndreu/59-el Bon Pastor,08030,24,True,458,1000.0,True,,
459,"PG. SANTA COLOMA, 105",ELECTRICBIKESTATION,41.4479402,2.1976757,24.0,"PG. SANTA COLOMA, 105",09-SantAndreu/57-la Trinitat Vella,08030,39,True,459,1000.0,True,,
460,"C/ MIREIA, 28",ELECTRICBIKESTATION,41.4513863,2.1894717,56.0,"C/ MIREIA, 28",09-SantAndreu/57-la Trinitat Vella,08033,15,True,460,1000.0,True,,
461,"AV. RIO DE JANEIRO, 118",ELECTRICBIKESTATION,41.442489,2.185727,43.0,"AV. RIO DE JANEIRO, 118",08-NouBarris/52-la Prosperitat,08016,28,True,461,1000.0,True,,
462,"C/ PALAMÓS, 33",ELECTRICBIKESTATION,41.446923,2.184857,61.0,"C/ PALAMÓS, 33",08-NouBarris/53-la Trinitat Nova,08033,28,True,462,1000.0,True,,
463,"C/ PEDROSA, 24",ELECTRICBIKESTATION,41.4490679,2.1833801,68.0,"C/ PEDROSA, 24",08-NouBarris/53-la Trinitat Nova,08033,23,True,463,1000.0,True,,
464,"AV. RIO DE JANEIRO, 96",ELECTRICBIKESTATION,41.439692,2.182335,47.0,"AV. RIO DE JANEIRO, 96",08-NouBarris/52-la Prosperitat,08016,24,True,464,1000.0,True,,
465,"C/ ROSSELLÓ, 261",ELECTRICBIKESTATION,41.3954094,2.1599427,41.0,"C/ ROSSELLÓ, 261",02-Eixample/07-la Dreta de l'Eixample,08008,27,True,465,1000.0,True,,
466,"C/ PABLO IGLESIAS, 21",ELECTRICBIKESTATION,41.443387,2.1813051,63.0,"C/ PABLO IGLESIAS, 21",08-NouBarris/52-la Prosperitat,08016,30,True,466,1000.0,True,,
467,PL. JESÚS CARRASCO,ELECTRICBIKESTATION,41.4450463,2.176726,93.0,PL. JESÚS CARRASCO,08-NouBarris/51-Verdun,08042,20,True,467,1000.0,True,,
468,"C/ NOU BARRIS, 23",ELECTRICBIKESTATION,41.4480464,2.1775154,107.0,"C/ NOU BARRIS, 23",08-NouBarris/50-les Roquetes,08042,18,True,468,1000.0,True,,
469,"C/ SANT FRANCESC XAVIER, 1",ELECTRICBIKESTATION,41.4417001,2.1781553,72.0,"C/ SANT FRANCESC XAVIER, 1",08-NouBarris/52-la Prosperitat,08016,12,True,469,1000.0,True,,
470,"C/ GÒNGORA, 23",ELECTRICBIKESTATION,41.4432762,2.1746238,93.0,"C/ GÒNGORA, 23",08-NouBarris/51-Verdun,08042,24,True,470,1000.0,True,,
471,"PG. VALLDAURA, 171",ELECTRICBIKESTATION,41.4389014,2.1715576,78.0,"PG. VALLDAURA, 171",08-NouBarris/48-la Guineueta,08042,24,True,471,1000.0,True,,
472,"VIA FAVÈNCIA, 186",ELECTRICBIKESTATION,41.4427374,2.170393,105.0,"VIA FAVÈNCIA, 186",08-NouBarris/48-la Guineueta,08042,24,True,472,1000.0,True,,
473,"PG. FABRA I PUIG, 449",ELECTRICBIKESTATION,41.4388644,2.1657506,94.0,"PG. FABRA I PUIG, 449",08-NouBarris/48-la Guineueta,08042,21,True,473,1000.0,True,,
474,"VIA FAVÈNCIA, 47",ELECTRICBIKESTATION,41.4418604,2.1664224,102.0,"VIA FAVÈNCIA, 47",08-NouBarris/49-Canyelles,08042,24,True,474,1000.0,True,,
475,"C/ CAMPO FLORIDO, 66",ELECTRICBIKESTATION,41.4216738,2.1799878,46.0,"C/ CAMPO FLORIDO, 66",09-SantAndreu/62-el Congrés i els Indians,08027,19,True,475,1000.0,True,,
476,"C/ PERIODISTES, 9",ELECTRICBIKESTATION,41.422037,2.174401,80.0,"C/ PERIODISTES, 9",07-Horta-Guinardó/35-el Guinardó,08032,18,True,476,1000.0,True,,
477,"C/ AMILCAR, 78",ELECTRICBIKESTATION,41.4260751,2.1722534,69.0,"C/ AMILCAR, 78",07-Horta-Guinardó/36-la Font d'en Fargues,08032,26,True,477,1000.0,True,,
478,"C/ ESCULTOR LLIMONA, 7",ELECTRICBIKESTATION,41.4276076,2.1697582,65.0,"C/ ESCULTOR LLIMONA, 7",08-NouBarris/44-Vilapicina i la Torre Llobeta,08031,30,True,478,1000.0,True,,
479,"PG. FABRA I PUIG, 344",ELECTRICBIKESTATION,41.430623,2.1671068,73.0,"PG. FABRA I PUIG, 344",08-NouBarris/46-el Turó de la Peira,08031,18,True,479,1000.0,True,,
480,"PG. FABRA I PUIG, 385",ELECTRICBIKESTATION,41.4333259,2.1629258,92.0,"PG. FABRA I PUIG, 385",07-Horta-Guinardó/43-Horta,08031,28,True,480,1000.0,True,,
481,"PG. FABRA I PUIG, 411",ELECTRICBIKESTATION,41.4357978,2.163872,89.0,"PG. FABRA I PUIG, 411",07-Horta-Guinardó/43-Horta,08031,27,True,481,1000.0,True,,
482,"PG. UNIVERSAL, 29 | C/ DOCTOR LETAMENDI",ELECTRICBIKESTATION,41.4372022,2.1620235,95.0,"PG. UNIVERSAL, 29 | C/ DOCTOR LETAMENDI",07-Horta-Guinardó/43-Horta,08042,22,True,482,1000.0,True,,
483,"C/ LISBOA, 1",ELECTRICBIKESTATION,41.429561735076526,2.1589684563445877,79.0,"C/ LISBOA, 1",07-Horta-Guinardó/43-Horta,08032,29,True,483,1000.0,True,,
484,"C/ EDUARD TODA, 33 | C/ DOCTOR LETAMENDI",ELECTRICBIKESTATION,41.4345997,2.1585268,104.0,"C/ EDUARD TODA, 33 | C/ DOCTOR LETAMENDI",07-Horta-Guinardó/43-Horta,08031,27,True,484,1000.0,True,,
485,"PG. VALLDAURA, 26",ELECTRICBIKESTATION,41.4374904,2.1565742,121.0,"PG. VALLDAURA, 26",07-Horta-Guinardó/43-Horta,08031,27,True,485,1000.0,True,,
486,"C/ PORTO, 35 | AV. ESTATUT DE CATALUNYA",ELECTRICBIKESTATION,41.4306102,2.1564551,81.0,"C/ PORTO, 35 | AV. ESTATUT DE CATALUNYA",07-Horta-Guinardó/43-Horta,08032,28,True,486,1000.0,True,,
487,"C/ LISBOA, 128",ELECTRICBIKESTATION,41.4267638,2.1521909,98.0,"C/ LISBOA, 128",07-Horta-Guinardó/42-la Clota,08032,27,True,487,1000.0,True,,
488,"AV. CAN MARCET, 36",ELECTRICBIKESTATION,41.4347859,2.147904,132.0,"AV. CAN MARCET, 36",07-Horta-Guinardó/41-la Vall d'Hebron,08035,27,True,488,1000.0,True,,
489,"C/ JORGE MANRIQUE, 15",ELECTRICBIKESTATION,41.4312335,2.1499103,119.0,"C/ JORGE MANRIQUE, 15",07-Horta-Guinardó/41-la Vall d'Hebron,08035,27,True,489,1000.0,True,,
490,"PG. VALL D'HEBRÓN, 168",ELECTRICBIKESTATION,41.4280668,2.1443777,150.0,"PG. VALL D'HEBRÓN, 168",07-Horta-Guinardó/41-la Vall d'Hebron,08035,49,True,490,1000.0,True,,
491,"C/ PARE MARIANA, 24",ELECTRICBIKESTATION,41.4306689,2.1456449,125.0,"C/ PARE MARIANA, 24",07-Horta-Guinardó/41-la Vall d'Hebron,08035,27,True,491,1000.0,True,,
492,PL. TETUAN,ELECTRICBIKESTATION,41.3943454,2.1751709,18.0,PL. TETUAN,02-Eixample/07-la Dreta de l'Eixample,08010,24,True,492,1000.0,True,,
493,"PG. VALL D'HEBRÓN, 80",ELECTRICBIKESTATION,41.419965,2.1401823,166.0,"PG. VALL D'HEBRÓN, 80",06-Gràcia/28-Vallcarca i els Penitents,08023,24,True,493,1000.0,True,,
494,"RBLA. CATALUNYA, 33 - C/ DIPUTACIÓ",ELECTRICBIKESTATION,41.3896967,2.1652199,25.0,"RBLA. CATALUNYA, 33 - C/ DIPUTACIÓ",02-Eixample/07-la Dreta de l'Eixample,08007,24,True,494,1000.0,True,,
495,"C/ DIPUTACIÓ, 22",ELECTRICBIKESTATION,41.377846,2.150523,24.0,"C/ DIPUTACIÓ, 22",02-Eixample/09-la Nova Esquerra de l'Eixample,08015,21,True,495,1000.0,True,,
496,"C/ PROVENÇA,  445",ELECTRICBIKESTATION,41.4048623,2.174799,33.0,"C/ PROVENÇA, 445",02-Eixample/06-la Sagrada Família,08025,18,True,496,1000.0,True,,
497,"PTGE. MALUQUER, 16",ELECTRICBIKESTATION,41.4095489,2.1360313,124.0,"PTGE. MALUQUER, 16",05-Sarrià-StGervasi/25-Sant Gervasi - la Bonanova,08022,27,True,497,1000.0,True,,
498,"C/ ESTEVE TERRADAS, 42",ELECTRICBIKESTATION,41.4144967,2.1402433,145.0,"C/ ESTEVE TERRADAS, 42",06-Gràcia/28-Vallcarca i els Penitents,08023,26,True,498,1000.0,True,,
499,"AV. VALLCARCA, 196",ELECTRICBIKESTATION,41.4160558,2.1421504,127.0,"AV. VALLCARCA, 196",06-Gràcia/28-Vallcarca i els Penitents,08023,27,True,499,1000.0,True,,
500,"C/ ARGENTERA, 23",ELECTRICBIKESTATION,41.4117633,2.1453424,101.0,"C/ ARGENTERA, 23",06-Gràcia/28-Vallcarca i els Penitents,08023,23,True,500,1000.0,True,,
501,"C/ ELISA, 1",ELECTRICBIKESTATION,41.4052698,2.1420204,95.0,"C/ ELISA, 1",05-Sarrià-StGervasi/27-el Putxet i el Farró,08023,16,True,501,1000.0,True,,
502,"AV. VALLCARCA, 11",ELECTRICBIKESTATION,41.4074444,2.1492066,88.0,"AV. VALLCARCA, 11",06-Gràcia/28-Vallcarca i els Penitents,08023,19,True,502,1000.0,True,,
503,"C/ MAIGNON, 31-41",ELECTRICBIKESTATION,41.4095926,2.1524953,105.0,"C/ MAIGNON, 31-41",06-Gràcia/30-la Salut,08024,30,True,503,1000.0,True,,
504,"C/ MASSENS, 76",ELECTRICBIKESTATION,41.4092333,2.1557747,87.0,"C/ MASSENS, 76",06-Gràcia/31-la Vila de Gràcia,08024,28,True,504,1000.0,True,,
505,"C/ CAMÈLIES, 78",ELECTRICBIKESTATION,41.4145614,2.1658677,118.0,"C/ CAMÈLIES, 78",07-Horta-Guinardó/33-el Baix Guinardó,08024,27,True,505,1000.0,True,,
506,"C/ GARRIGA I ROCA, 2",ELECTRICBIKESTATION,41.4191957,2.1718497,107.0,"C/ GARRIGA I ROCA, 2",07-Horta-Guinardó/35-el Guinardó,08041,15,True,506,1000.0,True,,
507,"C/ SARDENYA, 494",ELECTRICBIKESTATION,41.4107641,2.1640965,81.0,"C/ SARDENYA, 494",07-Horta-Guinardó/33-el Baix Guinardó,08024,24,True,507,1000.0,True,,
508,"C/ SARDENYA, 465",ELECTRICBIKESTATION,41.4090922,2.1656378,70.0,"C/ SARDENYA, 465",06-Gràcia/32-el Camp d'en Grassot i Gràcia Nova,08025,27,True,508,1000.0,True,,
509,"C/ TORRENT DE L'OLLA, 11",ELECTRICBIKESTATION,41.3989713,2.1606736,46.0,"C/ TORRENT DE L'OLLA, 11",06-Gràcia/31-la Vila de Gràcia,08012,32,True,509,1000.0,True,,
510,"C/ GRAN DE GRÀCIA, 37",ELECTRICBIKESTATION,41.3989151,2.1564253,55.0,"C/ GRAN DE GRÀCIA, 37",06-Gràcia/31-la Vila de Gràcia,08012,27,True,510,1000.0,True,,
511,"C/ GRAN DE GRÀCIA, 91",ELECTRICBIKESTATION,41.4006862,2.1543317,61.0,"C/ GRAN DE GRÀCIA, 91",06-Gràcia/31-la Vila de Gràcia,08012,20,True,511,1000.0,True,,
512,"C/ D'ALACANT, 12",ELECTRICBIKESTATION,41.4000778,2.1326911,96.0,"C/ D'ALACANT, 12",05-Sarrià-StGervasi/24-les Tres Torres,08017,27,True,512,1000.0,True,,
513,"VIA AUGUSTA, 317",ELECTRICBIKESTATION,41.399017,2.124329,111.0,"VIA AUGUSTA, 317",05-Sarrià-StGervasi/24-les Tres Torres,08017,28,True,513,1000.0,True,,
514,"C/ ARAGÓ, 614",ELECTRICBIKESTATION,41.4095069,2.1885055,16.0,"C/ ARAGÓ, 614",10-SantMartí/65-el Clot,08018,18,True,514,1000.0,True,,
515,"C/ SANT ADRIÀ, 43",ELECTRICBIKESTATION,41.4352071,2.1948002,19.0,"C/ SANT ADRIÀ, 43",09-SantAndreu/59-el Bon Pastor,08030,24,True,515,1000.0,True,,
516,"C/ SANT ADRIÀ, 88",ELECTRICBIKESTATION,41.4354601,2.2001569,15.0,"C/ SANT ADRIÀ, 88",09-SantAndreu/59-el Bon Pastor,08030,21,True,516,1000.0,True,,
517,"AV. RASOS DE PEGUERA, 10",ELECTRICBIKESTATION,41.462095,2.178959,44.0,"AV. RASOS DE PEGUERA, 10",08-NouBarris/55-Ciutat Meridiana,08033,20,True,517,1000.0,True,,
518,"C/ LLOBREGÓS, 115",ELECTRICBIKESTATION,41.4246885,2.1570492,112.0,"C/ LLOBREGÓS, 115",07-Horta-Guinardó/37-el Carmel,08032,27,True,518,1000.0,True,,
519,"C/ PEDRELL, 52",ELECTRICBIKESTATION,41.4246548,2.166289,110.0,"C/ PEDRELL, 52",07-Horta-Guinardó/36-la Font d'en Fargues,08032,24,True,519,1000.0,True,,
526,C/ TARONGERS | AV. MIRAMAR (TELEFÈRIC),ELECTRICBIKESTATION,41.3683855,2.1645038,93.0,C/ TARONGERS | AV. MIRAMAR (TELEFÈRIC),03-Sants-Montjuïc/11-el Poble-sec,08038,27,True,526,1000.0,True,,
527,"PG. OLIMPIC, 8",ELECTRICBIKESTATION,41.361972900539186,2.1543216104507534,,"PG. OLIMPIC, 8",03-Sants-Montjuïc/11-el Poble-sec,08038,36,True,527,1000.0,True,,
537,"AV. ESTADI, 12",ELECTRICBIKESTATION,41.3653602,2.1476099,75.0,"AV. ESTADI, 12",03-Sants-Montjuïc/11-el Poble-sec,08038,40,True,523,1000.0,True,,
538,"AV. ESTADI, 38",ELECTRICBIKESTATION,41.3663147,2.1522059,86.0,"AV. ESTADI, 38",03-Sants-Montjuïc/11-el Poble-sec,08038,24,True,522,1000.0,True,,
539,"C/ FRANÇA XICA, 4",ELECTRICBIKESTATION,41.3721749,2.1602153,26.0,"C/ FRANÇA XICA, 4",03-Sants-Montjuïc/11-el Poble-sec,08004,16,True,525,1.0,True,,
540,"C/ MANDONI, 6",ELECTRICBIKESTATION,41.3693483,2.1426008,18.0,"C/ MANDONI, 6",03-Sants-Montjuïc/14-la Font de la Guatlla,08004,20,True,521,1.0,True,,
541,"C/ MARBRE, 2",ELECTRICBIKESTATION,41.3614158,2.1476169,28.0,"C/ MARBRE, 2",03-Sants-Montjuïc/13-la Marina de Port,08038,28,True,524,1000.0,True,,
542,Copa América Barcelona - 542,VALET,41.374538091110196,2.189216913266181,,Copa América Barcelona 2024,,,1,False,9000,1.0,True,,False
543,Copa América Barcelona - 543,VALET,41.38382985640722,2.191370993848407,,Copa América Barcelona 2024,,,1,False,9001,1.0,True,,False
544,"C/ MONTFAR, 1",ELECTRICBIKESTATION,41.37049,2.148729,,"C/ MONTFAR, 1",03-Sants-Montjuïc/14-la Font de la Guatlla,08004,24,True,520,1000.0,True,,
